"","student.label","game.score","percent.training.sessions.attended","overall.fitness.score","X..extra.strategy.sessions.attended","hours.of.sleep.the.night.before.game","X..meals.on.day.prior.to.game","east coast","west coast","evening","morning","noon","early bird","night owl","baseball","basketball","curling","football","frisbee","gymnastics","martial arts","table tennis","frosh","junior","senior","sophomore"
"1",1,29.51,0.57,0,7,4,4,1,0,0,0,1,0,1,0,0,1,0,0,0,0,0,0,0,0,1
"2",2,39.25,1,0,7,10,3,1,0,0,0,1,0,1,0,0,1,0,0,0,0,0,0,0,1,0
"3",3,46.06,0.83,0.03,2,5,5,1,0,0,0,1,0,1,0,0,0,0,0,1,0,0,0,0,0,1
"4",4,0,0.08,0.52,2,9,6,1,0,0,0,1,0,1,1,0,0,0,0,0,0,0,0,0,0,1
"5",5,78.31,1,0.96,8,3,4,1,0,0,0,1,0,1,0,0,0,0,0,0,1,0,0,1,0,0
"6",6,42.15,0.8,0.21,6,5,6,1,0,0,0,1,0,1,0,0,0,0,0,0,1,0,0,0,0,1
"7",7,31.97,0.62,0,7,2,3,1,0,0,0,1,0,1,0,0,0,0,0,1,0,0,0,0,0,1
"8",8,29.27,0.07,0,7,12,1,1,0,0,0,1,0,1,0,0,0,0,1,0,0,0,0,1,0,0
"9",9,17.27,0.31,0,2,9,4,1,0,0,0,1,0,1,0,0,0,0,0,0,0,1,0,1,0,0
"10",10,13.97,0.07,0.47,6,4,3,1,0,0,0,1,0,1,0,1,0,0,0,0,0,0,1,0,0,0
"11",11,46.89,0.1,0.77,9,12,2,1,0,0,0,1,0,1,0,0,0,0,0,0,1,0,0,0,1,0
"12",12,63.7,1,1,3,3,5,1,0,0,0,1,1,0,0,0,1,0,0,0,0,0,0,0,0,1
"13",13,76.32,0.83,1,7,8,3,1,0,0,0,1,0,1,0,1,0,0,0,0,0,0,1,0,0,0
"14",14,17.64,0.07,0,3,4,4,1,0,0,0,1,0,1,0,0,0,0,0,1,0,0,0,1,0,0
"15",15,75.74,0.95,1,10,10,5,1,0,0,0,1,0,1,0,0,0,0,0,0,0,1,1,0,0,0
"16",16,42.78,0,0.39,1,4,3,1,0,0,0,1,0,1,0,0,0,1,0,0,0,0,1,0,0,0
"17",17,42.16,0.83,0.79,6,1,5,1,0,0,0,1,1,0,0,0,1,0,0,0,0,0,0,0,0,1
"18",18,18.21,0,1,2,1,4,1,0,0,0,1,0,1,0,0,0,0,0,0,0,1,0,1,0,0
"19",19,30.81,0.2,0,6,6,2,1,0,0,0,1,0,1,0,0,0,0,0,0,1,0,0,1,0,0
"20",20,28.26,0.57,0,1,8,3,1,0,0,0,1,0,1,0,0,0,0,0,0,1,0,0,0,0,1
"21",21,36.92,0.01,0.71,7,11,2,1,0,0,0,1,0,1,0,0,1,0,0,0,0,0,0,0,0,1
"22",22,51.09,0.67,0.77,9,12,6,1,0,0,0,1,1,0,1,0,0,0,0,0,0,0,1,0,0,0
"23",23,36.01,0.64,0.56,0,1,2,1,0,0,0,1,0,1,0,0,0,0,0,0,1,0,0,1,0,0
"24",24,16.79,0.61,0.16,3,1,5,1,0,0,0,1,0,1,0,0,0,0,0,1,0,0,0,1,0,0
"25",25,57.16,1,0.81,8,12,5,1,0,0,0,1,0,1,0,0,0,1,0,0,0,0,0,1,0,0
"26",26,0,0,0,0,0,3,1,0,0,0,1,0,1,0,0,0,0,0,0,1,0,0,0,0,1
"27",27,54.69,0.81,0.56,10,0,2,1,0,0,0,1,0,1,0,0,0,0,0,0,1,0,0,1,0,0
"28",28,61.23,1,0.8,10,10,4,1,0,0,0,1,1,0,0,0,0,0,0,0,0,1,0,0,1,0
"29",29,12.58,0.27,0.37,6,12,3,1,0,0,0,1,0,1,1,0,0,0,0,0,0,0,0,1,0,0
"30",30,25.21,0,0.12,6,10,2,1,0,0,0,1,0,1,0,0,0,1,0,0,0,0,0,1,0,0
"31",31,61.97,0.81,0.8,7,11,4,1,0,0,0,1,0,1,0,0,1,0,0,0,0,0,0,0,1,0
"32",32,42.48,0.85,0,9,10,5,1,0,0,0,1,0,1,0,0,0,1,0,0,0,0,0,0,0,1
"33",33,68.16,0.68,1,7,6,5,1,0,0,0,1,0,1,0,0,0,1,0,0,0,0,0,1,0,0
"34",34,79.71,1,1,7,2,3,1,0,0,0,1,0,1,0,0,0,1,0,0,0,0,0,1,0,0
"35",35,15.98,0.07,0.48,0,0,4,1,0,0,0,1,0,1,0,0,0,0,0,0,1,0,1,0,0,0
"36",36,64.05,1,0.94,5,12,5,1,0,0,0,1,1,0,0,0,0,0,0,0,0,1,0,1,0,0
"37",37,49.79,1,0.09,8,10,3,1,0,0,0,1,0,1,0,0,0,1,0,0,0,0,0,0,1,0
"38",38,46.82,0.6,0.15,7,3,5,1,0,0,0,1,1,0,0,0,0,0,0,0,1,0,1,0,0,0
"39",39,56.58,0.48,0.62,8,10,2,1,0,0,0,1,0,1,0,0,0,0,0,0,1,0,0,0,1,0
"40",40,35.35,0.11,0.97,1,6,4,1,0,0,0,1,0,1,0,0,0,0,0,0,1,0,0,0,0,1
"41",41,45.09,0.86,0.31,2,6,6,1,0,1,0,0,1,0,0,0,0,0,0,0,1,0,0,0,0,1
"42",42,37.19,0.59,0.56,5,3,5,1,0,1,0,0,0,1,0,0,1,0,0,0,0,0,0,1,0,0
"43",43,69.61,0.83,0.89,5,5,4,1,0,1,0,0,0,1,0,1,0,0,0,0,0,0,0,1,0,0
"44",44,27.29,0.19,0.8,2,2,5,1,0,1,0,0,0,1,0,0,0,0,1,0,0,0,1,0,0,0
"45",45,36.46,0.03,0.37,5,9,3,1,0,1,0,0,0,1,0,0,0,0,1,0,0,0,1,0,0,0
"46",46,70.59,0.97,0.58,10,11,3,1,0,1,0,0,0,1,0,0,0,1,0,0,0,0,0,0,1,0
"47",47,35.41,0,0,3,7,6,1,0,1,0,0,0,1,0,0,0,0,0,1,0,0,0,1,0,0
"48",48,27.06,0.04,0,6,1,3,1,0,1,0,0,1,0,0,0,0,0,0,0,0,1,1,0,0,0
"49",49,43.43,0.94,0.52,0,12,3,1,0,1,0,0,0,1,1,0,0,0,0,0,0,0,0,0,1,0
"50",50,25.77,0.17,0.16,1,2,5,1,0,1,0,0,0,1,1,0,0,0,0,0,0,0,1,0,0,0
"51",51,26.93,0,0,5,5,2,1,0,0,0,1,0,1,0,0,1,0,0,0,0,0,1,0,0,0
"52",52,60.83,1,0.84,4,2,4,1,0,0,0,1,0,1,0,0,0,0,1,0,0,0,0,1,0,0
"53",53,48.17,0.57,0.77,4,9,4,1,0,0,0,1,0,1,0,0,0,0,0,0,0,1,1,0,0,0
"54",54,68.66,0.97,0.92,10,8,5,1,0,0,0,1,0,1,0,0,0,0,0,0,0,1,0,0,0,1
"55",55,20.95,0.29,0.45,6,7,5,1,0,0,0,1,0,1,0,0,0,0,0,0,1,0,0,0,0,1
"56",56,23.89,0.6,0.24,1,2,6,1,0,0,0,1,0,1,0,0,0,1,0,0,0,0,0,0,0,1
"57",57,56.82,0.1,0.86,1,0,6,1,0,0,0,1,0,1,0,0,0,1,0,0,0,0,0,1,0,0
"58",58,42.44,0.78,0,6,7,3,1,0,0,0,1,0,1,0,0,0,1,0,0,0,0,1,0,0,0
"59",59,47.38,0.64,0.83,5,3,3,1,0,0,0,1,0,1,1,0,0,0,0,0,0,0,0,0,1,0
"60",60,45.71,0.11,0.94,5,0,3,1,0,0,0,1,0,1,0,0,0,0,0,0,1,0,0,0,1,0
"61",61,42.02,0.33,0.95,4,7,3,1,0,0,0,1,1,0,0,0,0,0,1,0,0,0,0,0,1,0
"62",62,34.8,0.37,0.87,4,5,2,1,0,0,0,1,1,0,0,1,0,0,0,0,0,0,0,0,0,1
"63",63,40.25,0.03,0.91,7,9,3,1,0,0,0,1,0,1,0,0,1,0,0,0,0,0,0,1,0,0
"64",64,50.44,0.44,0.65,10,12,2,1,0,0,0,1,0,1,0,0,0,0,0,0,1,0,0,1,0,0
"65",65,35.13,0.81,0.08,2,0,4,1,0,0,0,1,0,1,0,0,0,1,0,0,0,0,0,1,0,0
"66",66,31.93,0.04,0.28,8,7,1,1,0,0,0,1,0,1,0,0,0,0,0,0,0,1,0,1,0,0
"67",67,98.03,0,0.29,1,1,6,1,0,0,0,1,0,1,0,0,0,1,0,0,0,0,1,0,0,0
"68",68,30.37,0.96,0.2,5,9,4,1,0,0,0,1,0,1,0,0,0,0,0,1,0,0,0,0,0,1
"69",69,59.72,1,0.89,7,10,5,1,0,0,0,1,0,1,0,0,0,1,0,0,0,0,0,1,0,0
"70",70,34.86,1,0,7,0,3,1,0,0,0,1,0,1,0,0,0,0,0,1,0,0,0,0,0,1
"71",71,27.96,0,0.39,9,2,1,1,0,0,0,1,0,1,0,0,1,0,0,0,0,0,0,1,0,0
"72",72,14.11,0.19,0.27,5,3,3,1,0,0,0,1,1,0,0,0,1,0,0,0,0,0,0,1,0,0
"73",73,49.09,0.44,1,8,3,4,1,0,0,0,1,0,1,0,0,0,0,0,0,0,1,0,0,0,1
"74",74,49.77,0.93,0.48,10,9,5,1,0,0,0,1,1,0,0,0,0,1,0,0,0,0,0,0,0,1
"75",75,7.38,0.27,0.18,1,0,5,1,0,0,0,1,0,1,0,0,0,1,0,0,0,0,0,0,0,1
"76",76,16.62,0.87,0,6,2,4,1,0,0,0,1,0,1,1,0,0,0,0,0,0,0,0,0,0,1
"77",77,29.03,0.37,0,7,8,2,1,0,0,0,1,0,1,1,0,0,0,0,0,0,0,0,0,1,0
"78",78,25,0.94,0,3,0,6,1,0,0,0,1,0,1,0,0,1,0,0,0,0,0,0,1,0,0
"79",79,20.47,0.1,0,2,4,3,1,0,0,0,1,0,1,0,0,0,1,0,0,0,0,0,1,0,0
"80",80,37.33,0.8,0,5,8,5,1,0,0,0,1,0,1,0,0,1,0,0,0,0,0,1,0,0,0
"81",81,76.51,1,1,9,2,3,1,0,0,0,1,0,1,0,0,1,0,0,0,0,0,0,0,1,0
"82",82,64.48,0.96,0.93,4,7,4,1,0,0,0,1,0,1,0,0,0,0,0,0,1,0,0,0,0,1
"83",83,57.85,1,0.56,7,7,6,1,0,0,0,1,0,1,0,0,0,0,0,0,1,0,0,0,0,1
"84",84,36.01,0.96,0.12,3,6,4,1,0,0,0,1,0,1,0,0,0,0,0,0,1,0,0,0,0,1
"85",85,31.85,0.54,0,9,11,4,1,0,0,0,1,0,1,0,0,1,0,0,0,0,0,0,1,0,0
"86",86,47.84,0.91,0,10,12,3,1,0,0,0,1,0,1,0,0,0,0,0,0,1,0,0,0,0,1
"87",87,35.19,0.5,0.14,6,8,4,1,0,0,0,1,0,1,1,0,0,0,0,0,0,0,0,0,1,0
"88",88,18.67,0,0.18,1,2,3,1,0,0,0,1,0,1,0,0,0,1,0,0,0,0,0,0,1,0
"89",89,70.69,0.71,1,6,6,3,1,0,0,0,1,0,1,0,1,0,0,0,0,0,0,0,0,0,1
"90",90,68.32,1,0.81,9,10,2,1,0,0,0,1,0,1,0,0,0,0,1,0,0,0,0,0,1,0
"91",91,34.47,0.99,0,7,6,6,1,0,1,0,0,0,1,1,0,0,0,0,0,0,0,0,1,0,0
"92",92,9.11,0.21,0.72,3,11,3,1,0,1,0,0,1,0,0,1,0,0,0,0,0,0,0,0,1,0
"93",93,18.45,0,0.19,2,0,6,1,0,1,0,0,0,1,0,0,1,0,0,0,0,0,1,0,0,0
"94",94,24.93,0.84,0,8,3,6,1,0,1,0,0,0,1,0,0,0,1,0,0,0,0,0,1,0,0
"95",95,68.27,0.97,1,3,9,3,1,0,1,0,0,0,1,0,0,1,0,0,0,0,0,0,1,0,0
"96",96,48.13,0.98,0.27,7,7,3,1,0,1,0,0,0,1,0,0,0,0,0,0,1,0,0,0,0,1
"97",97,61.3,0.91,0.86,7,2,4,1,0,1,0,0,0,1,0,0,0,0,0,0,1,0,1,0,0,0
"98",98,36.58,1,0.44,7,10,4,1,0,1,0,0,1,0,0,0,1,0,0,0,0,0,0,0,1,0
"99",99,47.5,0.45,0.91,8,12,1,1,0,1,0,0,0,1,0,0,0,0,0,0,0,1,0,0,1,0
"100",100,64.07,1,0.52,10,7,5,1,0,1,0,0,0,1,0,0,0,0,0,1,0,0,0,0,0,1
"101",101,24.22,0.41,0.43,8,7,4,1,0,0,0,1,0,1,1,0,0,0,0,0,0,0,1,0,0,0
"102",102,49.4,1,0.24,8,4,3,1,0,0,0,1,0,1,0,0,0,0,0,0,1,0,0,0,0,1
"103",103,30.7,0,0.99,6,4,4,1,0,0,0,1,1,0,0,0,1,0,0,0,0,0,0,1,0,0
"104",104,38.55,0.51,0.78,9,7,2,1,0,0,0,1,0,1,0,0,0,0,0,0,0,1,0,0,1,0
"105",105,16.91,0.65,0.29,0,3,5,1,0,0,0,1,0,1,1,0,0,0,0,0,0,0,0,1,0,0
"106",106,39.32,0.9,0.23,2,0,3,1,0,0,0,1,0,1,0,0,0,0,1,0,0,0,0,1,0,0
"107",107,29.46,0,0.42,5,9,3,1,0,0,0,1,0,1,0,0,0,1,0,0,0,0,0,1,0,0
"108",108,87.41,1,1,10,9,4,1,0,0,0,1,0,1,0,0,0,0,1,0,0,0,0,1,0,0
"109",109,0,0,0.9,4,5,5,1,0,0,0,1,0,1,1,0,0,0,0,0,0,0,0,0,0,1
"110",110,0,0.04,0.19,6,1,3,1,0,0,0,1,0,1,1,0,0,0,0,0,0,0,0,0,0,1
"111",111,20.15,0.33,0.68,7,10,3,1,0,0,0,1,0,1,0,0,0,0,0,0,0,1,0,0,0,1
"112",112,1.94,0.12,0.72,3,5,2,1,0,0,0,1,0,1,0,0,0,0,0,0,0,1,0,0,0,1
"113",113,49.84,1,0.67,10,6,5,1,0,0,0,1,0,1,0,0,0,0,0,1,0,0,0,0,0,1
"114",114,31.14,0.5,0.56,4,5,3,1,0,0,0,1,0,1,0,0,0,0,0,0,1,0,0,0,0,1
"115",115,0,0.4,0.07,3,4,3,1,0,0,0,1,1,0,1,0,0,0,0,0,0,0,0,1,0,0
"116",116,0,0.14,0,3,1,2,1,0,0,0,1,0,1,0,0,0,1,0,0,0,0,0,1,0,0
"117",117,0,0,0,3,0,3,1,0,0,0,1,0,1,0,0,0,0,0,0,1,0,1,0,0,0
"118",118,24.79,0.06,0.97,1,10,2,1,0,0,0,1,0,1,0,1,0,0,0,0,0,0,0,0,1,0
"119",119,27.73,0.84,0.59,6,3,5,1,0,0,0,1,0,1,1,0,0,0,0,0,0,0,0,1,0,0
"120",120,29.27,0.12,1,0,2,4,1,0,0,0,1,0,1,0,0,0,0,0,0,0,1,0,0,0,1
"121",121,26.73,0,1,4,8,3,1,0,1,0,0,1,0,0,0,0,1,0,0,0,0,0,0,1,0
"122",122,71.66,1,0.96,3,2,4,1,0,1,0,0,0,1,0,0,0,0,1,0,0,0,0,1,0,0
"123",123,29.48,0.12,0.17,0,2,5,1,0,1,0,0,0,1,0,1,0,0,0,0,0,0,1,0,0,0
"124",124,31.9,0.57,0.07,8,4,5,1,0,1,0,0,0,1,0,0,0,0,0,1,0,0,1,0,0,0
"125",125,67.49,1,1,1,9,6,1,0,1,0,0,0,1,0,0,0,0,0,0,0,1,0,0,0,1
"126",126,47.47,0.87,0.7,6,10,3,1,0,1,0,0,1,0,0,1,0,0,0,0,0,0,0,0,1,0
"127",127,23.52,0,0,4,5,3,1,0,1,0,0,0,1,0,0,0,0,0,0,1,0,0,0,0,1
"128",128,6.59,0,0.01,2,2,3,1,0,1,0,0,0,1,0,0,1,0,0,0,0,0,0,1,0,0
"129",129,92.12,0.91,1,10,9,8,1,0,1,0,0,0,1,0,0,0,0,0,0,1,0,0,1,0,0
"130",130,17.84,0,0.26,0,1,6,1,0,1,0,0,0,1,0,0,1,0,0,0,0,0,1,0,0,0
"131",131,38.97,0.56,0.64,5,8,3,1,0,0,1,0,0,1,0,1,0,0,0,0,0,0,0,1,0,0
"132",132,77.16,0.87,1,9,4,2,1,0,0,1,0,0,1,0,0,0,0,1,0,0,0,0,1,0,0
"133",133,65.78,0.86,1,5,9,4,1,0,0,1,0,0,1,0,0,0,0,1,0,0,0,0,0,1,0
"134",134,4.51,0.26,0,1,5,3,1,0,0,1,0,0,1,0,0,0,1,0,0,0,0,0,0,0,1
"135",135,30.23,1,0.04,9,11,4,1,0,0,1,0,0,1,1,0,0,0,0,0,0,0,0,0,0,1
"136",136,7.28,0.08,0,0,7,7,1,0,0,1,0,0,1,0,0,0,0,0,0,1,0,0,0,0,1
"137",137,73.42,1,0.95,8,10,4,1,0,0,1,0,1,0,1,0,0,0,0,0,0,0,0,0,1,0
"138",138,78.89,1,1,8,3,4,1,0,0,1,0,0,1,0,0,0,0,0,0,1,0,0,1,0,0
"139",139,8.43,0,0,6,9,5,1,0,0,1,0,0,1,1,0,0,0,0,0,0,0,0,0,0,1
"140",140,28.75,1,0,8,9,6,1,0,0,1,0,0,1,1,0,0,0,0,0,0,0,1,0,0,0
"141",141,25.93,0,0.79,1,7,3,1,0,1,0,0,0,1,0,0,0,1,0,0,0,0,0,1,0,0
"142",142,38.95,0.03,0,5,5,2,1,0,1,0,0,1,0,0,0,0,0,0,0,1,0,1,0,0,0
"143",143,49.83,0.98,0.28,10,4,3,1,0,1,0,0,1,0,1,0,0,0,0,0,0,0,1,0,0,0
"144",144,83.22,0.87,1,9,9,3,1,0,1,0,0,0,1,0,0,0,0,0,0,0,1,0,0,1,0
"145",145,41.94,0.55,0.73,3,11,3,1,0,1,0,0,0,1,1,0,0,0,0,0,0,0,0,0,1,0
"146",146,76.89,0.67,1,6,7,2,1,0,1,0,0,0,1,0,0,0,0,1,0,0,0,0,0,1,0
"147",147,22.72,0,1,4,10,3,1,0,1,0,0,0,1,0,0,0,0,0,0,0,1,0,0,1,0
"148",148,15.72,0,0.3,2,3,3,1,0,1,0,0,0,1,0,0,0,1,0,0,0,0,0,0,0,1
"149",149,33.06,0.58,0.8,3,2,3,1,0,1,0,0,0,1,0,0,0,0,0,0,0,1,1,0,0,0
"150",150,26.75,0,0.8,4,12,3,1,0,1,0,0,1,0,1,0,0,0,0,0,0,0,0,1,0,0
"151",151,4.44,0.33,0.08,6,11,5,1,0,0,0,1,0,1,0,0,0,0,0,0,0,1,0,1,0,0
"152",152,0,0.61,0,2,1,5,1,0,0,0,1,0,1,0,0,0,0,0,1,0,0,0,0,0,1
"153",153,3.44,0.21,0.16,5,3,3,1,0,0,0,1,1,0,1,0,0,0,0,0,0,0,0,1,0,0
"154",154,27.81,0.74,0.2,7,3,4,1,0,0,0,1,0,1,0,0,1,0,0,0,0,0,0,0,0,1
"155",155,23.11,0.91,0.01,7,10,3,1,0,0,0,1,1,0,0,0,0,0,0,0,0,1,0,0,0,1
"156",156,43.73,0.89,0,10,9,3,1,0,0,0,1,0,1,1,0,0,0,0,0,0,0,0,1,0,0
"157",157,33.03,0.6,0.5,4,8,5,1,0,0,0,1,1,0,0,0,0,0,0,1,0,0,0,0,0,1
"158",158,0.86,0.48,0,5,0,3,1,0,0,0,1,0,1,0,0,0,0,0,0,1,0,0,0,0,1
"159",159,0,0,0.67,2,5,6,1,0,0,0,1,0,1,1,0,0,0,0,0,0,0,0,1,0,0
"160",160,18.47,0.38,1,4,1,4,1,0,0,0,1,0,1,0,0,1,0,0,0,0,0,0,0,0,1
"161",161,56.56,0.48,0.94,9,5,2,1,0,0,0,1,0,1,0,0,0,0,1,0,0,0,0,0,1,0
"162",162,48.68,1,0.09,9,8,3,1,0,0,0,1,0,1,0,0,0,1,0,0,0,0,0,0,0,1
"163",163,49.07,0.66,0.88,5,0,4,1,0,0,0,1,0,1,0,0,0,0,1,0,0,0,1,0,0,0
"164",164,70.62,0.85,1,7,8,3,1,0,0,0,1,0,1,0,0,0,0,0,0,0,1,0,0,0,1
"165",165,34.23,0.68,0.03,3,1,5,1,0,0,0,1,0,1,0,0,1,0,0,0,0,0,1,0,0,0
"166",166,40.61,0.14,0.9,9,11,3,1,0,0,0,1,0,1,0,0,0,0,0,1,0,0,0,0,1,0
"167",167,23.13,0,0.73,4,3,3,1,0,0,0,1,0,1,0,0,0,0,0,0,0,1,1,0,0,0
"168",168,12.62,0,0,2,4,2,1,0,0,0,1,1,0,0,0,0,0,0,0,1,0,0,1,0,0
"169",169,38.75,0.82,0,2,4,3,1,0,0,0,1,1,0,0,0,0,0,0,1,0,0,0,0,1,0
"170",170,61.75,0.74,1,7,10,5,1,0,0,0,1,1,0,0,0,1,0,0,0,0,0,0,1,0,0
"171",171,49.41,0.95,0.82,5,1,3,1,0,0,0,1,0,1,0,0,0,0,1,0,0,0,1,0,0,0
"172",172,47.31,0.47,1,2,6,3,1,0,0,0,1,0,1,0,0,0,0,0,0,1,0,0,1,0,0
"173",173,27,1,0.36,5,5,3,1,0,0,0,1,0,1,0,0,0,1,0,0,0,0,0,0,1,0
"174",174,14.15,0.15,1,2,12,4,1,0,0,0,1,0,1,0,0,0,0,1,0,0,0,0,0,0,1
"175",175,0,0.21,0,5,1,4,1,0,0,0,1,1,0,0,0,0,1,0,0,0,0,0,0,0,1
"176",176,39.96,0.92,0.57,7,6,5,1,0,0,0,1,0,1,0,0,1,0,0,0,0,0,1,0,0,0
"177",177,17.03,1,0.07,3,1,4,1,0,0,0,1,1,0,0,0,0,0,0,0,1,0,0,0,0,1
"178",178,28.88,0.56,0.6,1,9,4,1,0,0,0,1,0,1,0,0,1,0,0,0,0,0,0,0,1,0
"179",179,24.16,0.26,0.79,0,7,3,1,0,0,0,1,0,1,0,0,0,0,0,0,0,1,0,1,0,0
"180",180,61.31,1,0.99,2,9,7,1,0,0,0,1,0,1,0,0,0,0,1,0,0,0,0,0,0,1
"181",181,17.04,0,0.06,4,8,2,1,0,0,0,1,0,1,0,0,0,1,0,0,0,0,0,1,0,0
"182",182,38.32,0.88,0.81,6,10,6,1,0,0,0,1,1,0,1,0,0,0,0,0,0,0,0,1,0,0
"183",183,26.94,0.25,0.87,6,7,3,1,0,0,0,1,0,1,0,0,0,0,1,0,0,0,0,0,1,0
"184",184,29.94,0.85,0.26,6,10,3,1,0,0,0,1,0,1,0,0,0,1,0,0,0,0,0,1,0,0
"185",185,50.25,0.94,0.4,7,8,3,1,0,0,0,1,0,1,0,0,0,0,0,0,1,0,0,1,0,0
"186",186,19.04,0.27,0.2,5,4,3,1,0,0,0,1,0,1,0,0,1,0,0,0,0,0,0,1,0,0
"187",187,15.5,0,0.8,1,0,1,1,0,0,0,1,0,1,0,1,0,0,0,0,0,0,0,1,0,0
"188",188,11.33,0.87,0,7,0,5,1,0,0,0,1,0,1,0,0,1,0,0,0,0,0,1,0,0,0
"189",189,0,0.01,0.21,4,3,5,1,0,0,0,1,0,1,1,0,0,0,0,0,0,0,1,0,0,0
"190",190,73.01,1,1,9,11,6,1,0,0,0,1,0,1,0,0,1,0,0,0,0,0,0,1,0,0
"191",191,41.2,1,0.28,0,2,6,1,0,1,0,0,0,1,0,0,0,0,0,0,0,1,0,1,0,0
"192",192,50.2,0.68,0.76,2,4,6,1,0,1,0,0,0,1,0,0,0,0,1,0,0,0,0,1,0,0
"193",193,38.53,0,0.11,8,7,2,1,0,1,0,0,0,1,0,0,0,1,0,0,0,0,0,0,1,0
"194",194,63.09,0.79,1,4,10,2,1,0,1,0,0,1,0,0,0,0,0,0,0,0,1,0,0,1,0
"195",195,30.9,0.58,0,3,8,5,1,0,1,0,0,0,1,0,0,0,1,0,0,0,0,0,0,0,1
"196",196,60.25,0.56,0.95,3,12,3,1,0,1,0,0,0,1,0,0,0,0,0,0,1,0,0,0,1,0
"197",197,76.12,1,0.97,9,12,4,1,0,1,0,0,0,1,0,0,0,0,0,0,0,1,0,1,0,0
"198",198,23.92,0,0,4,6,3,1,0,1,0,0,0,1,0,0,0,0,0,0,0,1,0,0,0,1
"199",199,42.51,1,0.16,5,1,6,1,0,1,0,0,0,1,0,0,0,1,0,0,0,0,0,0,0,1
"200",200,26.91,0.03,0.21,7,5,2,1,0,1,0,0,0,1,0,0,0,1,0,0,0,0,0,0,0,1
"201",201,48.43,0.44,0.94,8,11,5,1,0,0,0,1,1,0,0,0,0,0,1,0,0,0,0,0,1,0
"202",202,84.23,0.96,1,9,9,4,1,0,0,0,1,0,1,0,0,0,0,0,0,1,0,0,1,0,0
"203",203,34.42,0.5,0,6,1,5,1,0,0,0,1,0,1,0,0,0,0,0,0,0,1,1,0,0,0
"204",204,37.6,0.63,0.57,5,2,4,1,0,0,0,1,0,1,0,0,0,0,0,0,1,0,0,0,0,1
"205",205,21.94,0.55,0,4,6,3,1,0,0,0,1,0,1,0,0,0,0,0,0,0,1,0,0,0,1
"206",206,45.76,0.85,0,10,6,4,1,0,0,0,1,0,1,0,0,0,0,0,1,0,0,0,1,0,0
"207",207,41.38,1,0.18,7,6,6,1,0,0,0,1,0,1,0,0,0,0,0,1,0,0,1,0,0,0
"208",208,34.21,0,0.02,3,11,4,1,0,0,0,1,0,1,0,0,1,0,0,0,0,0,1,0,0,0
"209",209,0,0.06,0,2,2,5,1,0,0,0,1,0,1,0,0,0,1,0,0,0,0,0,1,0,0
"210",210,29.94,0.32,0,5,2,3,1,0,0,0,1,0,1,0,0,0,0,0,0,0,1,0,0,0,1
"211",211,53.54,0.88,1,1,1,3,1,0,0,1,0,0,1,0,1,0,0,0,0,0,0,0,0,1,0
"212",212,5.43,0.07,0.79,5,3,3,1,0,0,1,0,0,1,0,1,0,0,0,0,0,0,0,0,0,1
"213",213,0,0.14,0,0,6,4,1,0,0,1,0,0,1,1,0,0,0,0,0,0,0,1,0,0,0
"214",214,19.58,0.84,0.48,5,1,4,1,0,0,1,0,0,1,1,0,0,0,0,0,0,0,1,0,0,0
"215",215,25.29,0,1,0,6,3,1,0,0,1,0,0,1,0,1,0,0,0,0,0,0,0,0,0,1
"216",216,26.15,0.18,1,7,3,3,1,0,0,1,0,0,1,0,0,0,0,0,0,0,1,0,0,0,1
"217",217,10.62,1,0,5,2,5,1,0,0,1,0,0,1,0,0,0,0,0,1,0,0,1,0,0,0
"218",218,0,0.01,0.04,0,0,4,1,0,0,1,0,0,1,1,0,0,0,0,0,0,0,0,1,0,0
"219",219,0,0.28,0,5,11,6,1,0,0,1,0,0,1,0,0,1,0,0,0,0,0,1,0,0,0
"220",220,62.75,0.73,1,9,10,3,1,0,0,1,0,0,1,1,0,0,0,0,0,0,0,0,1,0,0
"221",221,0,0,0.07,0,3,3,1,0,0,0,1,0,1,1,0,0,0,0,0,0,0,0,0,0,1
"222",222,0,0.08,0.73,5,2,3,1,0,0,0,1,0,1,0,0,0,1,0,0,0,0,0,0,0,1
"223",223,0,0.07,0.22,5,0,2,1,0,0,0,1,1,0,0,0,1,0,0,0,0,0,1,0,0,0
"224",224,36.34,0.44,0.98,4,9,3,1,0,0,0,1,0,1,0,0,0,0,0,0,0,1,0,1,0,0
"225",225,9.86,0.04,0.13,4,4,2,1,0,0,0,1,0,1,0,1,0,0,0,0,0,0,0,0,0,1
"226",226,61.97,0.86,1,6,10,6,1,0,0,0,1,0,1,0,0,0,0,0,0,0,1,0,0,1,0
"227",227,22.01,0.41,0.56,7,12,5,1,0,0,0,1,1,0,0,0,0,0,0,0,1,0,0,0,0,1
"228",228,74.69,1,1,9,12,4,1,0,0,0,1,0,1,0,0,0,0,0,0,0,1,0,0,1,0
"229",229,26.84,1,0.01,10,8,3,1,0,0,0,1,0,1,0,0,1,0,0,0,0,0,0,0,0,1
"230",230,0,0,0,1,0,5,1,0,0,0,1,0,1,0,0,0,1,0,0,0,0,0,0,0,1
"231",231,54.81,0.84,0.75,5,8,3,1,0,1,0,0,0,1,0,0,0,0,0,0,0,1,0,0,1,0
"232",232,47.27,0.84,0.24,6,12,5,1,0,1,0,0,0,1,1,0,0,0,0,0,0,0,0,1,0,0
"233",233,44.24,1,0.05,5,12,5,1,0,1,0,0,0,1,0,0,0,0,0,1,0,0,0,0,1,0
"234",234,5.83,0.27,0.13,1,0,5,1,0,1,0,0,0,1,0,0,0,1,0,0,0,0,0,0,0,1
"235",235,84.17,1,0.99,7,8,5,1,0,1,0,0,0,1,0,1,0,0,0,0,0,0,0,1,0,0
"236",236,56.83,0.95,0.58,6,12,4,1,0,1,0,0,0,1,0,0,0,0,1,0,0,0,0,0,0,1
"237",237,47.77,0.73,0.22,4,9,3,1,0,1,0,0,0,1,0,0,1,0,0,0,0,0,0,0,0,1
"238",238,46.78,0.55,0.03,10,8,3,1,0,1,0,0,0,1,0,0,1,0,0,0,0,0,0,1,0,0
"239",239,38.11,0.84,0,3,10,4,1,0,1,0,0,0,1,0,0,1,0,0,0,0,0,0,0,1,0
"240",240,41.6,0.5,0.64,5,0,3,1,0,1,0,0,0,1,0,0,0,0,0,0,1,0,0,1,0,0
"241",241,76.34,1,0.92,7,6,4,1,0,1,0,0,0,1,0,0,0,0,0,0,1,0,0,1,0,0
"242",242,13.6,0,0.5,1,3,5,1,0,1,0,0,0,1,0,0,0,0,0,0,1,0,1,0,0,0
"243",243,40.58,1,0.12,8,10,5,1,0,1,0,0,0,1,0,0,0,1,0,0,0,0,0,0,0,1
"244",244,54.15,0.23,1,9,11,3,1,0,1,0,0,0,1,0,0,0,1,0,0,0,0,0,1,0,0
"245",245,32.37,0.17,0.74,8,10,2,1,0,1,0,0,0,1,0,0,1,0,0,0,0,0,0,1,0,0
"246",246,32.08,0.85,0.54,0,1,5,1,0,1,0,0,0,1,0,0,0,0,0,0,1,0,1,0,0,0
"247",247,0,0.03,0.38,0,0,5,1,0,1,0,0,0,1,0,0,1,0,0,0,0,0,1,0,0,0
"248",248,52.64,0.39,1,4,5,3,1,0,1,0,0,0,1,0,1,0,0,0,0,0,0,0,1,0,0
"249",249,26.58,0.43,0.11,9,9,5,1,0,1,0,0,0,1,0,0,0,0,0,0,0,1,1,0,0,0
"250",250,24.35,0.32,0.73,4,6,1,1,0,1,0,0,0,1,0,0,0,0,0,1,0,0,0,0,1,0
"251",251,55.28,0.72,0.84,7,4,3,1,0,0,0,1,0,1,0,0,1,0,0,0,0,0,0,0,0,1
"252",252,40.06,0.32,0.27,2,6,3,1,0,0,0,1,0,1,1,0,0,0,0,0,0,0,0,0,1,0
"253",253,57.56,0.88,0.61,4,2,1,1,0,0,0,1,1,0,0,0,0,0,1,0,0,0,0,0,1,0
"254",254,49.83,0,1,2,10,3,1,0,0,0,1,0,1,0,0,0,0,0,0,1,0,0,0,1,0
"255",255,54.03,0.97,0,7,5,4,1,0,0,0,1,0,1,0,0,0,0,0,0,1,0,1,0,0,0
"256",256,52.77,1,0.15,10,8,3,1,0,0,0,1,0,1,0,0,0,0,0,0,0,1,0,1,0,0
"257",257,47,0.48,0.87,1,2,3,1,0,0,0,1,0,1,0,0,0,0,1,0,0,0,0,0,1,0
"258",258,51.8,0.43,0.07,3,1,4,1,0,0,0,1,0,1,0,1,0,0,0,0,0,0,0,0,0,1
"259",259,61.48,0.04,0.51,0,0,2,1,0,0,0,1,0,1,0,0,0,0,0,0,1,0,0,0,1,0
"260",260,46,0.12,0.78,3,8,3,1,0,0,0,1,0,1,0,0,0,0,1,0,0,0,0,1,0,0
"261",261,33.57,0,1,2,12,2,1,0,0,0,1,0,1,0,0,1,0,0,0,0,0,0,0,1,0
"262",262,62.43,0.78,1,6,12,3,1,0,0,0,1,0,1,1,0,0,0,0,0,0,0,0,0,1,0
"263",263,27.88,0.22,0.32,10,0,5,1,0,0,0,1,1,0,0,0,0,0,0,0,0,1,0,0,0,1
"264",264,64.43,1,0.87,6,10,3,1,0,0,0,1,0,1,0,0,0,0,0,0,1,0,0,1,0,0
"265",265,29.11,0.07,0.03,5,0,1,1,0,0,0,1,1,0,0,0,0,0,0,1,0,0,0,0,0,1
"266",266,24.57,1,0.13,6,0,6,1,0,0,0,1,0,1,0,0,0,0,0,1,0,0,1,0,0,0
"267",267,34.96,0.15,0.77,2,8,5,1,0,0,0,1,0,1,1,0,0,0,0,0,0,0,0,0,0,1
"268",268,67.95,1,0.83,8,8,3,1,0,0,0,1,0,1,0,0,0,0,0,0,0,1,0,0,1,0
"269",269,72.92,0.89,0.92,7,10,4,1,0,0,0,1,0,1,0,0,0,0,0,0,1,0,0,0,0,1
"270",270,62.65,0.74,0.99,6,8,4,1,0,0,0,1,0,1,0,0,1,0,0,0,0,0,0,1,0,0
"271",271,60.46,1,0.88,3,12,3,1,0,0,0,1,0,1,0,0,0,0,0,0,1,0,0,0,0,1
"272",272,25.32,0,0.07,1,3,3,1,0,0,0,1,0,1,0,1,0,0,0,0,0,0,0,0,0,1
"273",273,43.12,0.79,0,10,4,6,1,0,0,0,1,0,1,1,0,0,0,0,0,0,0,0,0,0,1
"274",274,22.73,0,0.48,6,10,5,1,0,0,0,1,0,1,0,0,0,0,0,1,0,0,0,0,0,1
"275",275,32.44,0.2,0.69,5,7,2,1,0,0,0,1,0,1,0,0,0,0,0,0,1,0,0,0,0,1
"276",276,28.46,0.05,0.06,5,4,2,1,0,0,0,1,0,1,0,0,0,0,0,0,0,1,0,1,0,0
"277",277,3.22,0.29,0,1,3,7,1,0,0,0,1,0,1,0,0,1,0,0,0,0,0,0,0,0,1
"278",278,67.72,0.92,1,3,8,3,1,0,0,0,1,0,1,0,0,0,1,0,0,0,0,0,0,1,0
"279",279,45.68,0.89,0.4,7,7,4,1,0,0,0,1,1,0,0,0,0,0,1,0,0,0,0,0,0,1
"280",280,62.22,0.43,1,10,7,3,1,0,0,0,1,0,1,0,0,0,0,1,0,0,0,0,0,1,0
"281",281,46.29,0.49,0.1,9,6,4,0,1,1,0,0,0,1,0,0,1,0,0,0,0,0,1,0,0,0
"282",282,35.69,0.1,1,2,2,3,0,1,1,0,0,0,1,0,1,0,0,0,0,0,0,0,1,0,0
"283",283,20.61,0,0.09,7,11,3,0,1,1,0,0,1,0,0,0,1,0,0,0,0,0,0,0,1,0
"284",284,38.76,0.78,0,3,3,6,0,1,1,0,0,0,1,0,0,1,0,0,0,0,0,1,0,0,0
"285",285,42.95,0.11,0.98,1,10,3,0,1,1,0,0,0,1,0,1,0,0,0,0,0,0,0,1,0,0
"286",286,72.63,0.92,0.93,8,6,6,0,1,1,0,0,0,1,0,0,0,1,0,0,0,0,0,0,1,0
"287",287,77.22,0.85,1,8,1,5,0,1,1,0,0,0,1,0,0,0,0,1,0,0,0,1,0,0,0
"288",288,47.86,0.43,0.94,3,3,4,0,1,1,0,0,0,1,0,0,0,0,0,0,0,1,0,1,0,0
"289",289,55.08,0.77,0.45,7,8,5,0,1,1,0,0,0,1,0,0,0,0,1,0,0,0,1,0,0,0
"290",290,28.05,0.23,0.13,0,0,3,0,1,1,0,0,0,1,0,1,0,0,0,0,0,0,0,0,0,1
"291",291,49.78,0.85,0.88,0,12,4,0,1,0,0,1,0,1,0,0,0,0,0,0,0,1,0,0,1,0
"292",292,24.19,0.37,0,4,6,2,0,1,0,0,1,0,1,1,0,0,0,0,0,0,0,0,1,0,0
"293",293,44.15,1,0.55,6,3,4,0,1,0,0,1,1,0,0,0,0,1,0,0,0,0,0,0,1,0
"294",294,20.66,0.18,0,6,5,6,0,1,0,0,1,0,1,1,0,0,0,0,0,0,0,0,0,0,1
"295",295,46.29,0.51,0.87,9,5,5,0,1,0,0,1,0,1,1,0,0,0,0,0,0,0,0,0,1,0
"296",296,31.34,0.43,0.64,1,8,4,0,1,0,0,1,0,1,0,0,0,0,0,0,1,0,0,1,0,0
"297",297,45.65,0.32,0.98,1,12,4,0,1,0,0,1,1,0,0,0,0,0,1,0,0,0,0,0,0,1
"298",298,51.22,0.85,0.47,7,6,7,0,1,0,0,1,1,0,0,0,0,0,0,0,1,0,0,0,0,1
"299",299,63,1,1,6,7,7,0,1,0,0,1,0,1,0,0,0,1,0,0,0,0,0,1,0,0
"300",300,46.38,0.92,0.34,8,3,4,0,1,0,0,1,1,0,1,0,0,0,0,0,0,0,0,1,0,0
"301",301,0,0.05,0.75,1,4,6,0,1,0,0,1,0,1,0,0,0,1,0,0,0,0,0,0,0,1
"302",302,0,0,0.28,3,0,2,0,1,0,0,1,1,0,0,0,1,0,0,0,0,0,0,1,0,0
"303",303,0,0.34,0,3,1,3,0,1,0,0,1,1,0,0,0,0,0,1,0,0,0,1,0,0,0
"304",304,15.62,0.42,0.25,5,4,3,0,1,0,0,1,0,1,0,0,0,0,1,0,0,0,0,1,0,0
"305",305,40.84,0.52,0.93,7,6,7,0,1,0,0,1,0,1,0,0,1,0,0,0,0,0,0,1,0,0
"306",306,20.42,0.47,0.28,3,7,6,0,1,0,0,1,0,1,1,0,0,0,0,0,0,0,1,0,0,0
"307",307,0,0.34,0.07,2,2,4,0,1,0,0,1,0,1,0,0,0,0,0,1,0,0,0,0,0,1
"308",308,1.2,0.08,0,3,5,3,0,1,0,0,1,1,0,0,0,0,0,1,0,0,0,0,1,0,0
"309",309,0,0,0.32,4,3,5,0,1,0,0,1,0,1,0,0,1,0,0,0,0,0,0,1,0,0
"310",310,0,0.02,0.87,5,12,2,0,1,0,0,1,1,0,0,0,0,1,0,0,0,0,0,0,1,0
"311",311,0,0,0.06,3,4,4,0,1,0,0,1,0,1,1,0,0,0,0,0,0,0,0,1,0,0
"312",312,19.39,0.19,0.63,1,4,4,0,1,0,0,1,0,1,0,0,0,0,0,0,1,0,0,1,0,0
"313",313,36.35,1,0.05,0,12,5,0,1,0,0,1,0,1,0,0,0,0,0,0,1,0,1,0,0,0
"314",314,30.65,0,0.03,7,6,2,0,1,0,0,1,0,1,0,0,1,0,0,0,0,0,0,0,0,1
"315",315,0.52,0,0.22,5,2,4,0,1,0,0,1,0,1,0,0,0,0,1,0,0,0,0,0,0,1
"316",316,15.83,0.62,0,6,5,4,0,1,0,0,1,0,1,0,0,0,1,0,0,0,0,0,0,0,1
"317",317,0,0.01,0,1,6,3,0,1,0,0,1,0,1,0,0,0,0,0,0,0,1,0,1,0,0
"318",318,25.33,1,0,7,5,5,0,1,0,0,1,0,1,1,0,0,0,0,0,0,0,1,0,0,0
"319",319,21.8,0.76,0.11,1,1,3,0,1,0,0,1,0,1,0,0,0,0,0,0,1,0,0,0,0,1
"320",320,75,1,1,7,4,7,0,1,0,0,1,1,0,0,0,0,0,1,0,0,0,1,0,0,0
"321",321,32.6,0.08,0.01,8,5,3,0,1,0,0,1,0,1,0,1,0,0,0,0,0,0,1,0,0,0
"322",322,21.24,0.04,0.73,6,6,4,0,1,0,0,1,0,1,1,0,0,0,0,0,0,0,0,1,0,0
"323",323,32.5,0.07,0.08,4,12,2,0,1,0,0,1,0,1,0,0,0,0,0,0,0,1,1,0,0,0
"324",324,33.77,0,0.55,7,9,3,0,1,0,0,1,0,1,0,0,0,0,0,0,0,1,0,0,1,0
"325",325,54.71,0.73,0.8,7,10,4,0,1,0,0,1,0,1,0,0,0,0,1,0,0,0,1,0,0,0
"326",326,48.97,0.69,0.81,8,9,4,0,1,0,0,1,0,1,1,0,0,0,0,0,0,0,0,0,0,1
"327",327,42.89,0.41,0,8,10,5,0,1,0,0,1,1,0,0,0,0,0,0,0,0,1,0,0,0,1
"328",328,37.61,0.43,0.9,3,8,3,0,1,0,0,1,0,1,0,0,0,1,0,0,0,0,0,0,0,1
"329",329,74.55,0.96,1,6,9,3,0,1,0,0,1,0,1,0,0,0,1,0,0,0,0,0,0,1,0
"330",330,23.71,0.34,0.69,7,12,3,0,1,0,0,1,0,1,0,0,0,1,0,0,0,0,0,0,1,0
"331",331,42.29,0.39,0.82,10,11,3,0,1,0,1,0,0,1,0,0,0,0,0,1,0,0,0,0,0,1
"332",332,71.92,0.88,1,3,8,3,0,1,0,1,0,0,1,0,1,0,0,0,0,0,0,0,1,0,0
"333",333,19.45,0,0.24,6,7,4,0,1,0,1,0,1,0,0,0,0,0,0,1,0,0,0,1,0,0
"334",334,80.24,1,0.75,10,11,4,0,1,0,1,0,1,0,0,0,0,0,0,0,1,0,0,0,0,1
"335",335,0,0.15,0,7,3,4,0,1,0,1,0,0,1,0,0,0,0,0,1,0,0,1,0,0,0
"336",336,25.02,0.03,0,6,11,2,0,1,0,1,0,0,1,0,0,1,0,0,0,0,0,0,0,0,1
"337",337,0,0.05,0,0,2,5,0,1,0,1,0,0,1,1,0,0,0,0,0,0,0,1,0,0,0
"338",338,63.48,0.73,0.58,10,9,2,0,1,0,1,0,1,0,1,0,0,0,0,0,0,0,0,0,1,0
"339",339,36.4,1,0.29,6,8,3,0,1,0,1,0,0,1,0,0,0,0,0,0,0,1,0,1,0,0
"340",340,68.05,0.79,0.78,10,10,3,0,1,0,1,0,0,1,0,0,0,0,1,0,0,0,0,1,0,0
"341",341,29.54,0,1,2,8,5,0,1,0,0,1,1,0,0,1,0,0,0,0,0,0,0,1,0,0
"342",342,35.09,1,0.31,2,4,5,0,1,0,0,1,0,1,0,0,0,0,0,0,0,1,0,0,0,1
"343",343,61.65,0.51,0.97,10,9,4,0,1,0,0,1,0,1,0,0,0,0,0,0,1,0,0,0,0,1
"344",344,50.83,0.74,0.67,4,5,4,0,1,0,0,1,0,1,0,1,0,0,0,0,0,0,0,1,0,0
"345",345,71.27,1,1,3,10,5,0,1,0,0,1,0,1,0,0,0,0,1,0,0,0,0,0,0,1
"346",346,40.91,0.4,1,2,8,4,0,1,0,0,1,0,1,1,0,0,0,0,0,0,0,0,1,0,0
"347",347,4.14,0,0.46,0,2,4,0,1,0,0,1,0,1,0,0,0,1,0,0,0,0,0,0,0,1
"348",348,55.37,0.96,0.95,1,7,7,0,1,0,0,1,0,1,0,0,1,0,0,0,0,0,0,0,1,0
"349",349,53.35,0.85,0.59,8,3,3,0,1,0,0,1,1,0,0,1,0,0,0,0,0,0,0,1,0,0
"350",350,18.94,0.52,0,3,5,4,0,1,0,0,1,0,1,1,0,0,0,0,0,0,0,0,0,0,1
"351",351,48.77,0.39,1,10,2,3,0,1,0,0,1,0,1,0,0,1,0,0,0,0,0,0,0,0,1
"352",352,19.34,0.5,0.02,6,4,4,0,1,0,0,1,0,1,0,0,0,0,0,0,0,1,0,0,0,1
"353",353,25.79,0.59,0.13,10,2,3,0,1,0,0,1,0,1,1,0,0,0,0,0,0,0,0,0,0,1
"354",354,24.18,0.17,1,2,8,4,0,1,0,0,1,0,1,0,0,0,0,1,0,0,0,0,1,0,0
"355",355,60.23,0.61,1,10,11,4,0,1,0,0,1,0,1,0,0,0,1,0,0,0,0,0,1,0,0
"356",356,0,0,0,4,3,3,0,1,0,0,1,0,1,0,0,1,0,0,0,0,0,0,0,0,1
"357",357,0,0,0.01,0,9,4,0,1,0,0,1,0,1,1,0,0,0,0,0,0,0,1,0,0,0
"358",358,3.77,0.1,0,8,4,3,0,1,0,0,1,0,1,0,0,1,0,0,0,0,0,1,0,0,0
"359",359,61.34,0.94,0.83,7,10,2,0,1,0,0,1,0,1,0,0,0,0,0,0,1,0,0,0,1,0
"360",360,0,0,0.2,0,2,6,0,1,0,0,1,0,1,0,0,0,0,1,0,0,0,1,0,0,0
"361",361,56.41,0.6,0.84,9,9,3,0,1,0,0,1,0,1,0,0,0,0,1,0,0,0,1,0,0,0
"362",362,24.22,0.96,0.33,2,0,6,0,1,0,0,1,0,1,0,0,0,0,0,0,1,0,0,1,0,0
"363",363,21.3,0.09,0.45,6,11,2,0,1,0,0,1,0,1,0,0,0,0,1,0,0,0,0,1,0,0
"364",364,3.2,0.79,0,3,5,6,0,1,0,0,1,0,1,0,0,0,0,0,1,0,0,1,0,0,0
"365",365,15.38,0,0.85,0,8,2,0,1,0,0,1,1,0,0,0,0,0,0,0,1,0,0,0,0,1
"366",366,39.54,0.07,1,1,10,4,0,1,0,0,1,0,1,0,0,0,0,1,0,0,0,0,1,0,0
"367",367,55.89,1,0.94,1,2,5,0,1,0,0,1,0,1,0,0,0,0,0,0,1,0,0,0,1,0
"368",368,44.91,0.8,0.57,3,9,3,0,1,0,0,1,0,1,0,0,1,0,0,0,0,0,0,0,1,0
"369",369,25,0.8,0.44,2,8,5,0,1,0,0,1,0,1,0,0,0,0,0,0,0,1,0,0,0,1
"370",370,0,0,0.01,2,0,3,0,1,0,0,1,0,1,0,0,0,1,0,0,0,0,0,0,0,1
"371",371,41.96,0.95,0.38,8,6,3,0,1,0,0,1,0,1,0,0,1,0,0,0,0,0,0,0,0,1
"372",372,74.02,0.79,1,10,8,4,0,1,0,0,1,1,0,0,0,0,1,0,0,0,0,0,1,0,0
"373",373,25.97,0.84,0,6,6,3,0,1,0,0,1,0,1,0,0,0,0,0,0,0,1,0,0,0,1
"374",374,11.13,0.46,0.32,5,8,3,0,1,0,0,1,0,1,1,0,0,0,0,0,0,0,0,0,0,1
"375",375,26.63,0,0.21,6,12,5,0,1,0,0,1,0,1,0,0,0,0,0,1,0,0,1,0,0,0
"376",376,40.79,0.49,0.99,1,9,4,0,1,0,0,1,0,1,0,0,0,1,0,0,0,0,0,1,0,0
"377",377,9.08,0.33,0,3,3,4,0,1,0,0,1,0,1,0,0,1,0,0,0,0,0,1,0,0,0
"378",378,20.08,0.06,0.97,2,8,4,0,1,0,0,1,0,1,1,0,0,0,0,0,0,0,0,1,0,0
"379",379,29.67,0.2,0.65,2,11,4,0,1,0,0,1,0,1,0,0,1,0,0,0,0,0,0,0,0,1
"380",380,76.82,0.97,1,9,7,3,0,1,0,0,1,0,1,0,0,1,0,0,0,0,0,0,1,0,0
"381",381,17.23,0,0.09,1,3,3,0,1,0,0,1,0,1,0,0,0,1,0,0,0,0,0,0,1,0
"382",382,23.96,0.24,0.82,5,12,5,0,1,0,0,1,1,0,0,0,0,0,0,0,0,1,0,0,1,0
"383",383,0,0,0.8,0,6,3,0,1,0,0,1,0,1,0,0,1,0,0,0,0,0,0,0,1,0
"384",384,0,0,0,4,5,3,0,1,0,0,1,0,1,1,0,0,0,0,0,0,0,0,0,0,1
"385",385,38.65,0.98,0.06,9,8,5,0,1,0,0,1,0,1,0,0,0,0,0,0,0,1,1,0,0,0
"386",386,19.97,0,0.97,8,12,3,0,1,0,0,1,0,1,0,0,0,1,0,0,0,0,0,0,1,0
"387",387,68.68,1,1,1,4,3,0,1,0,0,1,0,1,0,0,0,0,0,0,1,0,0,0,1,0
"388",388,21.98,0.71,0,5,5,5,0,1,0,0,1,1,0,0,0,0,1,0,0,0,0,1,0,0,0
"389",389,49.94,0.81,0.92,5,4,5,0,1,0,0,1,1,0,0,0,0,1,0,0,0,0,1,0,0,0
"390",390,0,0.03,0.34,5,2,2,0,1,0,0,1,0,1,0,0,1,0,0,0,0,0,0,0,1,0
"391",391,33.25,0.09,0.93,1,2,3,0,1,0,0,1,0,1,0,0,0,0,0,0,1,0,0,0,0,1
"392",392,71.94,1,1,5,5,5,0,1,0,0,1,1,0,0,1,0,0,0,0,0,0,0,0,1,0
"393",393,18.96,0,0.22,6,3,7,0,1,0,0,1,0,1,0,0,0,0,0,0,1,0,1,0,0,0
"394",394,49.58,0.85,0.48,8,8,4,0,1,0,0,1,0,1,0,0,0,1,0,0,0,0,0,0,0,1
"395",395,24.04,0.35,0,2,2,4,0,1,0,0,1,1,0,0,0,0,0,1,0,0,0,0,0,0,1
"396",396,16.78,0,1,2,1,3,0,1,0,0,1,0,1,0,0,0,1,0,0,0,0,0,1,0,0
"397",397,40.64,1,0,10,2,4,0,1,0,0,1,0,1,0,0,0,0,0,1,0,0,1,0,0,0
"398",398,44.7,0.91,0.05,9,10,4,0,1,0,0,1,0,1,0,0,0,0,0,0,0,1,0,0,0,1
"399",399,43.07,0.43,0.41,10,9,2,0,1,0,0,1,0,1,0,0,0,0,1,0,0,0,0,0,1,0
"400",400,17.19,0.11,0.91,0,3,2,0,1,0,0,1,0,1,0,0,0,0,0,0,0,1,0,0,1,0
"401",401,23.24,0.37,0.17,2,5,4,0,1,0,0,1,0,1,0,0,0,0,0,0,0,1,1,0,0,0
"402",402,30.25,0.32,0.28,8,5,2,0,1,0,0,1,0,1,0,0,0,1,0,0,0,0,0,1,0,0
"403",403,38.39,0.06,0.52,5,10,2,0,1,0,0,1,0,1,1,0,0,0,0,0,0,0,0,0,1,0
"404",404,40.19,0.13,0.85,1,11,4,0,1,0,0,1,0,1,0,0,0,0,1,0,0,0,0,0,1,0
"405",405,45.62,0,0.19,1,3,3,0,1,0,0,1,0,1,0,0,0,0,0,0,1,0,0,0,0,1
"406",406,35.19,0,0.28,4,11,3,0,1,0,0,1,1,0,1,0,0,0,0,0,0,0,0,1,0,0
"407",407,73.58,1,1,4,4,5,0,1,0,0,1,0,1,0,0,0,0,1,0,0,0,0,0,1,0
"408",408,54.17,0.29,0.88,6,5,4,0,1,0,0,1,0,1,0,1,0,0,0,0,0,0,1,0,0,0
"409",409,41.31,0.3,0.36,6,3,2,0,1,0,0,1,0,1,0,0,0,0,0,0,0,1,0,1,0,0
"410",410,72.16,0.68,1,6,11,2,0,1,0,0,1,0,1,0,0,0,0,1,0,0,0,0,0,1,0
"411",411,37.97,0.45,0.76,4,10,7,0,1,0,0,1,0,1,1,0,0,0,0,0,0,0,0,1,0,0
"412",412,4.13,0,0.69,1,9,5,0,1,0,0,1,1,0,0,0,1,0,0,0,0,0,0,1,0,0
"413",413,48.3,0.63,0.74,7,9,3,0,1,0,0,1,0,1,0,0,0,0,0,0,0,1,0,1,0,0
"414",414,27.47,0.43,0.69,2,4,4,0,1,0,0,1,0,1,0,0,0,1,0,0,0,0,0,0,0,1
"415",415,54.91,0.78,0.49,10,10,7,0,1,0,0,1,0,1,0,0,0,0,0,1,0,0,0,0,1,0
"416",416,42.45,1,0.73,7,1,7,0,1,0,0,1,1,0,0,0,0,0,0,0,0,1,0,0,0,1
"417",417,26.81,0.27,0,7,10,4,0,1,0,0,1,0,1,0,0,1,0,0,0,0,0,0,0,1,0
"418",418,6.64,0.19,0.08,2,4,5,0,1,0,0,1,0,1,0,0,0,1,0,0,0,0,0,0,0,1
"419",419,41.34,0,0.33,1,5,3,0,1,0,0,1,0,1,0,0,0,1,0,0,0,0,1,0,0,0
"420",420,41.02,0.53,0.68,7,4,6,0,1,0,0,1,0,1,0,1,0,0,0,0,0,0,0,0,0,1
"421",421,2.78,0.02,0,3,10,1,0,1,0,0,1,0,1,0,0,0,0,0,0,1,0,0,0,1,0
"422",422,20.91,0.1,0.84,9,7,3,0,1,0,0,1,0,1,1,0,0,0,0,0,0,0,0,0,0,1
"423",423,37.17,0.25,0.91,7,12,3,0,1,0,0,1,0,1,0,0,0,0,0,0,1,0,0,1,0,0
"424",424,15.81,0.11,0.86,2,8,3,0,1,0,0,1,1,0,0,0,0,0,1,0,0,0,0,1,0,0
"425",425,8.6,0,0.79,6,6,6,0,1,0,0,1,1,0,1,0,0,0,0,0,0,0,0,0,0,1
"426",426,32.3,1,0.24,5,6,4,0,1,0,0,1,0,1,0,0,0,0,0,0,0,1,0,0,1,0
"427",427,57.18,0.95,1,1,11,7,0,1,0,0,1,0,1,0,0,1,0,0,0,0,0,0,1,0,0
"428",428,66.61,0.93,1,8,5,7,0,1,0,0,1,0,1,0,0,0,0,0,0,0,1,0,0,1,0
"429",429,33.37,0.96,0.51,1,1,3,0,1,0,0,1,0,1,0,0,0,0,0,1,0,0,0,1,0,0
"430",430,54.97,0.64,1,5,7,5,0,1,0,0,1,0,1,0,0,1,0,0,0,0,0,0,1,0,0
"431",431,36.13,0.08,0.4,0,0,4,0,1,0,1,0,0,1,0,0,0,0,1,0,0,0,1,0,0,0
"432",432,45.72,0.6,0.87,0,7,5,0,1,0,1,0,0,1,0,0,0,0,1,0,0,0,0,0,1,0
"433",433,21.8,0.6,0,3,7,3,0,1,0,1,0,0,1,0,0,0,0,0,0,0,1,0,0,0,1
"434",434,14.12,0.14,0.17,1,6,6,0,1,0,1,0,0,1,0,0,1,0,0,0,0,0,1,0,0,0
"435",435,20.53,0.65,0.19,2,4,5,0,1,0,1,0,0,1,1,0,0,0,0,0,0,0,0,1,0,0
"436",436,59.63,0.71,1,3,9,3,0,1,0,1,0,0,1,1,0,0,0,0,0,0,0,0,0,1,0
"437",437,21.33,0,1,5,5,6,0,1,0,1,0,0,1,0,0,0,1,0,0,0,0,0,0,0,1
"438",438,43.36,0.27,0.28,9,11,3,0,1,0,1,0,0,1,0,0,0,1,0,0,0,0,0,0,1,0
"439",439,79.74,0.83,1,9,12,2,0,1,0,1,0,0,1,0,0,0,0,1,0,0,0,0,0,1,0
"440",440,57.02,0.54,1,7,6,4,0,1,0,1,0,0,1,0,0,0,1,0,0,0,0,0,1,0,0
"441",441,68.19,0.91,1,2,12,3,0,1,0,0,1,0,1,0,0,1,0,0,0,0,0,0,0,1,0
"442",442,49.37,1,0.24,9,6,4,0,1,0,0,1,0,1,0,0,1,0,0,0,0,0,0,1,0,0
"443",443,23.04,0.37,0,8,5,5,0,1,0,0,1,0,1,1,0,0,0,0,0,0,0,1,0,0,0
"444",444,39.61,0.37,0.56,10,6,5,0,1,0,0,1,1,0,0,0,0,0,0,0,0,1,1,0,0,0
"445",445,47.12,1,0.43,7,2,3,0,1,0,0,1,1,0,0,0,0,0,0,0,0,1,0,0,0,1
"446",446,43.73,0.76,0.99,1,0,6,0,1,0,0,1,0,1,0,0,0,1,0,0,0,0,0,0,0,1
"447",447,21.66,0,0.37,2,2,5,0,1,0,0,1,0,1,0,0,0,0,0,0,1,0,0,0,0,1
"448",448,35.28,0.03,0,7,3,3,0,1,0,0,1,0,1,0,0,0,0,0,1,0,0,1,0,0,0
"449",449,53.05,0.86,0.74,8,6,3,0,1,0,0,1,0,1,0,0,0,0,0,1,0,0,0,1,0,0
"450",450,44.33,1,0,10,1,2,0,1,0,0,1,0,1,1,0,0,0,0,0,0,0,0,1,0,0
"451",451,0,0,0.02,0,7,7,0,1,0,0,1,0,1,0,0,0,0,0,1,0,0,0,0,0,1
"452",452,28.91,0,0.44,0,5,3,0,1,0,0,1,0,1,0,0,0,0,0,0,1,0,0,1,0,0
"453",453,29.13,0.54,0,10,9,6,0,1,0,0,1,0,1,1,0,0,0,0,0,0,0,1,0,0,0
"454",454,43.21,0.7,0.84,5,3,5,0,1,0,0,1,0,1,0,0,1,0,0,0,0,0,0,1,0,0
"455",455,33.15,0.97,0.22,3,8,5,0,1,0,0,1,0,1,0,0,0,0,0,0,0,1,0,0,0,1
"456",456,23.95,0.58,0,3,10,3,0,1,0,0,1,0,1,0,1,0,0,0,0,0,0,0,0,0,1
"457",457,45.21,0.3,0.89,7,8,2,0,1,0,0,1,0,1,0,0,0,0,0,0,1,0,0,0,0,1
"458",458,25.37,0,0.9,4,2,4,0,1,0,0,1,1,0,0,0,0,0,0,0,1,0,0,1,0,0
"459",459,32.36,0,0.14,3,1,3,0,1,0,0,1,0,1,1,0,0,0,0,0,0,0,1,0,0,0
"460",460,25.13,0.97,0.17,5,6,4,0,1,0,0,1,0,1,0,0,1,0,0,0,0,0,0,0,0,1
"461",461,84.58,0.99,1,9,10,3,0,1,0,0,1,1,0,0,0,0,0,1,0,0,0,0,0,1,0
"462",462,54.93,0.9,0.74,7,3,4,0,1,0,0,1,1,0,0,0,0,0,0,0,0,1,0,1,0,0
"463",463,40.2,0,0.06,5,3,4,0,1,0,0,1,0,1,0,0,0,0,0,0,1,0,0,0,0,1
"464",464,60.18,0.85,0.59,10,7,3,0,1,0,0,1,0,1,0,1,0,0,0,0,0,0,0,1,0,0
"465",465,48.21,0.72,0.94,3,1,5,0,1,0,0,1,0,1,0,0,0,1,0,0,0,0,0,1,0,0
"466",466,43.09,1,0.01,6,3,2,0,1,0,0,1,0,1,0,0,0,0,0,0,0,1,0,0,1,0
"467",467,22.15,0.27,0.07,3,5,4,0,1,0,0,1,0,1,0,0,0,0,0,1,0,0,0,0,0,1
"468",468,20.78,0.67,0.64,0,2,7,0,1,0,0,1,0,1,0,0,1,0,0,0,0,0,0,0,0,1
"469",469,30.84,0.42,0.15,7,12,5,0,1,0,0,1,0,1,0,0,0,0,0,0,0,1,1,0,0,0
"470",470,19.16,0.77,0.34,3,4,7,0,1,0,0,1,0,1,0,0,1,0,0,0,0,0,0,0,0,1
"471",471,3.97,0.25,0.62,1,5,4,0,1,0,0,1,0,1,0,0,0,0,0,0,0,1,1,0,0,0
"472",472,27.76,0.48,0.27,7,1,3,0,1,0,0,1,1,0,0,0,0,0,1,0,0,0,0,1,0,0
"473",473,54.17,0.88,0.89,9,12,5,0,1,0,0,1,0,1,0,0,0,0,0,0,0,1,0,0,1,0
"474",474,22,0.16,0,7,12,2,0,1,0,0,1,0,1,0,0,0,0,0,0,1,0,0,0,0,1
"475",475,39.73,1,0.28,4,9,4,0,1,0,0,1,0,1,0,0,0,0,0,0,1,0,0,0,0,1
"476",476,36.1,0.65,0.8,0,1,4,0,1,0,0,1,0,1,0,0,0,1,0,0,0,0,0,1,0,0
"477",477,8.19,0.77,0,2,9,4,0,1,0,0,1,0,1,1,0,0,0,0,0,0,0,0,0,0,1
"478",478,14.18,0,0,1,4,3,0,1,0,0,1,1,0,0,0,0,1,0,0,0,0,0,0,0,1
"479",479,22.05,0,0,6,11,3,0,1,0,0,1,0,1,0,0,1,0,0,0,0,0,0,1,0,0
"480",480,15.72,0.29,0.72,4,7,5,0,1,0,0,1,1,0,0,0,0,0,0,1,0,0,0,0,1,0
"481",481,24.37,0,0.18,2,4,1,0,1,0,0,1,0,1,0,0,0,0,0,0,1,0,0,0,0,1
"482",482,18.01,0.04,0.78,4,9,4,0,1,0,0,1,0,1,0,0,0,1,0,0,0,0,0,0,1,0
"483",483,49.19,0.37,1,6,4,3,0,1,0,0,1,0,1,0,1,0,0,0,0,0,0,0,0,0,1
"484",484,30.48,0.09,0.56,8,11,3,0,1,0,0,1,0,1,0,0,1,0,0,0,0,0,0,1,0,0
"485",485,4.23,0.09,0.05,7,5,4,0,1,0,0,1,0,1,0,0,0,0,0,1,0,0,0,0,0,1
"486",486,56.96,0.69,0.91,6,5,4,0,1,0,0,1,0,1,0,1,0,0,0,0,0,0,0,1,0,0
"487",487,36.86,0.98,0.19,9,8,6,0,1,0,0,1,0,1,0,0,1,0,0,0,0,0,0,1,0,0
"488",488,25.82,0.79,0.45,1,9,3,0,1,0,0,1,1,0,0,0,0,0,0,0,0,1,0,1,0,0
"489",489,48.75,0.92,0.61,5,10,4,0,1,0,0,1,1,0,0,0,1,0,0,0,0,0,0,0,0,1
"490",490,67.9,0.69,0.89,10,8,2,0,1,0,0,1,0,1,0,0,0,0,1,0,0,0,0,0,0,1
"491",491,27.32,0.36,0.81,0,6,3,0,1,0,0,1,0,1,0,0,0,0,0,0,1,0,0,0,0,1
"492",492,64.66,0.8,1,5,9,3,0,1,0,0,1,0,1,0,0,0,0,1,0,0,0,0,0,0,1
"493",493,27.07,0.79,0,3,5,3,0,1,0,0,1,0,1,1,0,0,0,0,0,0,0,0,1,0,0
"494",494,11.19,0.1,0,0,3,3,0,1,0,0,1,0,1,1,0,0,0,0,0,0,0,0,0,1,0
"495",495,12.72,0,0.06,5,5,3,0,1,0,0,1,0,1,0,0,0,0,0,0,0,1,0,0,0,1
"496",496,28.92,0.39,0.91,3,0,4,0,1,0,0,1,0,1,0,0,0,0,1,0,0,0,1,0,0,0
"497",497,36.32,0.86,0.45,2,2,6,0,1,0,0,1,1,0,0,0,0,0,1,0,0,0,0,1,0,0
"498",498,28.75,1,0.06,6,9,8,0,1,0,0,1,1,0,0,0,0,0,0,0,0,1,0,0,0,1
"499",499,12.68,0,0,1,6,3,0,1,0,0,1,0,1,0,0,1,0,0,0,0,0,0,0,0,1
"500",500,38.93,0.76,0.69,7,5,4,0,1,0,0,1,0,1,0,0,0,1,0,0,0,0,0,1,0,0
"501",501,42.17,0.9,0.65,5,12,3,0,1,0,0,1,1,0,0,0,0,1,0,0,0,0,0,0,0,1
"502",502,68.1,1,1,3,5,4,0,1,0,0,1,0,1,0,0,0,0,0,0,1,0,0,0,0,1
"503",503,59.19,1,0.81,8,7,3,0,1,0,0,1,0,1,0,0,1,0,0,0,0,0,0,0,1,0
"504",504,47.34,0.55,0,8,7,3,0,1,0,0,1,0,1,0,0,1,0,0,0,0,0,0,0,0,1
"505",505,33.42,0,0.11,10,12,2,0,1,0,0,1,0,1,0,0,1,0,0,0,0,0,0,1,0,0
"506",506,6.26,0.01,0.77,0,2,4,0,1,0,0,1,0,1,0,0,0,0,1,0,0,0,0,0,0,1
"507",507,37.35,1,0,7,8,5,0,1,0,0,1,1,0,1,0,0,0,0,0,0,0,0,1,0,0
"508",508,35.61,0.16,0.4,9,9,3,0,1,0,0,1,0,1,0,0,0,0,1,0,0,0,0,0,0,1
"509",509,8.89,0.23,0.1,2,8,3,0,1,0,0,1,0,1,0,0,1,0,0,0,0,0,0,0,0,1
"510",510,0,0.1,0.51,5,0,3,0,1,0,0,1,0,1,1,0,0,0,0,0,0,0,0,0,0,1
"511",511,26.89,0,0.11,9,11,3,0,1,0,0,1,0,1,0,0,1,0,0,0,0,0,0,0,0,1
"512",512,44.05,0.06,0.4,9,3,3,0,1,0,0,1,0,1,0,0,1,0,0,0,0,0,0,1,0,0
"513",513,36.56,0.05,0,2,1,3,0,1,0,0,1,0,1,0,0,0,0,0,0,0,1,0,0,0,1
"514",514,43.45,0.83,0.52,4,4,4,0,1,0,0,1,0,1,0,0,0,1,0,0,0,0,0,0,1,0
"515",515,52.45,0.99,0.57,8,12,7,0,1,0,0,1,0,1,1,0,0,0,0,0,0,0,0,1,0,0
"516",516,36.64,1,0.19,2,4,3,0,1,0,0,1,1,0,0,0,0,1,0,0,0,0,0,0,1,0
"517",517,38.63,0.53,0,3,7,3,0,1,0,0,1,1,0,0,0,1,0,0,0,0,0,1,0,0,0
"518",518,15,0,0.03,4,3,5,0,1,0,0,1,0,1,1,0,0,0,0,0,0,0,0,0,0,1
"519",519,36.94,0,0.95,3,12,4,0,1,0,0,1,0,1,0,0,0,0,1,0,0,0,0,1,0,0
"520",520,30.13,0.2,0.64,0,3,3,0,1,0,0,1,1,0,0,0,0,0,0,0,0,1,0,0,1,0
"521",521,89.89,1,1,8,9,4,0,1,0,0,1,0,1,0,0,0,0,1,0,0,0,1,0,0,0
"522",522,44.7,0.27,0.37,5,7,3,0,1,0,0,1,1,0,0,0,0,0,0,0,0,1,0,1,0,0
"523",523,41.64,0.26,0.92,1,8,3,0,1,0,0,1,0,1,0,0,0,0,1,0,0,0,0,0,0,1
"524",524,67.78,1,0.77,10,8,6,0,1,0,0,1,0,1,0,1,0,0,0,0,0,0,0,1,0,0
"525",525,33.06,0.04,0,5,1,6,0,1,0,0,1,0,1,0,0,1,0,0,0,0,0,1,0,0,0
"526",526,70.39,0.71,0.99,8,6,2,0,1,0,0,1,0,1,0,0,1,0,0,0,0,0,0,0,1,0
"527",527,57.44,1,0.44,7,3,6,0,1,0,0,1,0,1,1,0,0,0,0,0,0,0,1,0,0,0
"528",528,62.1,0.64,1,2,8,5,0,1,0,0,1,1,0,0,0,1,0,0,0,0,0,0,0,0,1
"529",529,57.69,0.99,0.73,4,5,4,0,1,0,0,1,0,1,0,0,0,0,0,0,0,1,0,1,0,0
"530",530,36.9,0.71,0.11,0,3,3,0,1,0,0,1,0,1,0,0,0,1,0,0,0,0,0,0,0,1
"531",531,39.12,0.99,0,7,4,3,0,1,0,0,1,1,0,0,0,1,0,0,0,0,0,0,0,1,0
"532",532,49.86,0.81,0.85,3,3,5,0,1,0,0,1,1,0,0,0,0,0,1,0,0,0,0,0,1,0
"533",533,19.53,0.09,0.86,5,9,6,0,1,0,0,1,0,1,0,0,1,0,0,0,0,0,0,0,0,1
"534",534,25.87,1,0,7,3,5,0,1,0,0,1,0,1,1,0,0,0,0,0,0,0,1,0,0,0
"535",535,43.47,0.05,0.9,3,12,1,0,1,0,0,1,0,1,0,0,0,0,1,0,0,0,0,1,0,0
"536",536,42.22,0.98,0,6,10,3,0,1,0,0,1,1,0,1,0,0,0,0,0,0,0,0,1,0,0
"537",537,40.78,0.76,0.79,0,2,4,0,1,0,0,1,0,1,0,0,0,1,0,0,0,0,1,0,0,0
"538",538,70.5,0.66,1,7,4,2,0,1,0,0,1,0,1,0,0,0,0,1,0,0,0,0,1,0,0
"539",539,19.1,0,0,3,5,4,0,1,0,0,1,0,1,0,0,0,0,1,0,0,0,1,0,0,0
"540",540,29.58,0.35,0.7,7,10,4,0,1,0,0,1,0,1,0,0,0,1,0,0,0,0,0,0,1,0
"541",541,36.25,0.17,0.45,1,5,2,0,1,1,0,0,0,1,0,1,0,0,0,0,0,0,0,0,0,1
"542",542,76.83,0.53,1,8,4,1,0,1,1,0,0,0,1,0,0,0,0,0,0,1,0,0,1,0,0
"543",543,39.38,0.78,0,6,0,4,0,1,1,0,0,0,1,1,0,0,0,0,0,0,0,0,0,0,1
"544",544,43.58,0.15,1,3,7,4,0,1,1,0,0,0,1,0,1,0,0,0,0,0,0,0,0,0,1
"545",545,69.96,0.67,1,6,9,4,0,1,1,0,0,0,1,0,0,0,0,0,0,0,1,0,1,0,0
"546",546,33.41,0.75,0.17,2,8,3,0,1,1,0,0,0,1,1,0,0,0,0,0,0,0,0,1,0,0
"547",547,43.81,0.95,0.21,7,11,3,0,1,1,0,0,1,0,0,0,0,1,0,0,0,0,0,0,0,1
"548",548,52.38,0.46,0.45,8,10,2,0,1,1,0,0,0,1,0,0,0,0,0,0,1,0,0,1,0,0
"549",549,59.56,0.68,0.93,5,4,5,0,1,1,0,0,0,1,0,0,0,0,0,1,0,0,0,1,0,0
"550",550,55.87,0.74,0.53,3,8,4,0,1,1,0,0,0,1,0,0,0,0,1,0,0,0,0,1,0,0
"551",551,13.64,0.42,0.05,7,3,6,0,1,0,0,1,0,1,0,0,1,0,0,0,0,0,1,0,0,0
"552",552,30.43,0.59,0.07,8,5,3,0,1,0,0,1,0,1,1,0,0,0,0,0,0,0,0,0,0,1
"553",553,12.96,0.44,0.54,1,3,5,0,1,0,0,1,0,1,0,0,1,0,0,0,0,0,0,1,0,0
"554",554,0.22,0.57,0.26,2,11,4,0,1,0,0,1,0,1,0,0,0,1,0,0,0,0,0,0,1,0
"555",555,50.85,0.91,0.47,10,2,3,0,1,0,0,1,0,1,0,0,0,0,0,0,1,0,0,1,0,0
"556",556,60.35,0.77,0.9,9,8,3,0,1,0,0,1,0,1,0,0,1,0,0,0,0,0,0,1,0,0
"557",557,63.62,0.8,1,2,12,5,0,1,0,0,1,0,1,0,0,0,0,0,0,1,0,0,0,0,1
"558",558,7.72,0,0,8,2,3,0,1,0,0,1,0,1,0,0,0,0,0,0,0,1,0,1,0,0
"559",559,26.02,0.26,0.93,2,4,2,0,1,0,0,1,0,1,0,0,0,0,0,0,1,0,0,0,1,0
"560",560,0,0.37,0.25,3,1,7,0,1,0,0,1,0,1,0,0,0,0,0,0,1,0,1,0,0,0
"561",561,38.21,0.81,0,6,9,5,0,1,1,0,0,0,1,1,0,0,0,0,0,0,0,1,0,0,0
"562",562,42.55,0.83,0.57,2,0,3,0,1,1,0,0,0,1,0,0,0,1,0,0,0,0,0,0,0,1
"563",563,42.06,0.68,0.57,5,11,3,0,1,1,0,0,0,1,1,0,0,0,0,0,0,0,0,0,1,0
"564",564,63.68,1,0.84,7,10,5,0,1,1,0,0,0,1,0,0,0,1,0,0,0,0,0,0,1,0
"565",565,45.34,0.64,0.73,0,1,4,0,1,1,0,0,0,1,0,1,0,0,0,0,0,0,0,1,0,0
"566",566,30.17,0.45,0.13,7,0,4,0,1,1,0,0,0,1,0,0,0,1,0,0,0,0,0,0,0,1
"567",567,37.39,0.23,0.61,6,6,3,0,1,1,0,0,0,1,0,0,1,0,0,0,0,0,0,0,0,1
"568",568,52.03,0.89,0,9,10,5,0,1,1,0,0,0,1,0,0,0,0,0,0,1,0,1,0,0,0
"569",569,71.58,0.99,1,6,10,3,0,1,1,0,0,1,0,0,0,0,1,0,0,0,0,0,0,1,0
"570",570,53.88,0.93,0.7,3,7,5,0,1,1,0,0,0,1,0,0,0,0,0,0,0,1,0,1,0,0
"571",571,28.05,0.76,0,6,0,6,0,1,0,0,1,0,1,0,0,0,0,1,0,0,0,1,0,0,0
"572",572,40.52,1,0.06,8,5,3,0,1,0,0,1,0,1,0,0,0,0,0,0,0,1,0,1,0,0
"573",573,37.52,0.62,0.84,5,3,4,0,1,0,0,1,0,1,0,0,1,0,0,0,0,0,0,0,0,1
"574",574,56.93,1,0.51,9,5,5,0,1,0,0,1,0,1,0,0,0,0,0,0,1,0,0,1,0,0
"575",575,21.05,0.05,0.16,3,6,6,0,1,0,0,1,0,1,0,0,0,0,1,0,0,0,1,0,0,0
"576",576,14.98,0,0.02,1,3,3,0,1,0,0,1,0,1,0,0,0,0,1,0,0,0,1,0,0,0
"577",577,40.9,0,1,5,12,3,0,1,0,0,1,0,1,0,1,0,0,0,0,0,0,0,0,0,1
"578",578,13.09,0.16,0,4,7,3,0,1,0,0,1,0,1,0,0,0,1,0,0,0,0,0,0,0,1
"579",579,44.42,0.38,0,3,3,3,0,1,0,0,1,1,0,0,0,1,0,0,0,0,0,1,0,0,0
"580",580,74.7,0.9,1,7,12,4,0,1,0,0,1,0,1,0,0,0,0,1,0,0,0,0,0,0,1
"581",581,38.16,1,0.2,9,5,3,0,1,0,0,1,0,1,1,0,0,0,0,0,0,0,1,0,0,0
"582",582,67.16,0.9,1,4,5,3,0,1,0,0,1,0,1,0,1,0,0,0,0,0,0,0,1,0,0
"583",583,57.6,0.95,1,5,2,5,0,1,0,0,1,0,1,0,0,0,1,0,0,0,0,0,1,0,0
"584",584,59.54,0.9,0.88,8,11,4,0,1,0,0,1,1,0,1,0,0,0,0,0,0,0,0,0,1,0
"585",585,11.4,0,0.39,2,6,5,0,1,0,0,1,0,1,0,0,0,0,0,0,0,1,1,0,0,0
"586",586,45.62,0.2,1,6,8,2,0,1,0,0,1,0,1,0,0,1,0,0,0,0,0,0,0,1,0
"587",587,40.1,0.5,0.01,6,5,4,0,1,0,0,1,0,1,0,0,0,0,0,1,0,0,0,0,0,1
"588",588,25.83,0,0.56,2,0,3,0,1,0,0,1,1,0,0,0,0,0,0,0,0,1,0,1,0,0
"589",589,34.64,0.47,0.5,8,8,3,0,1,0,0,1,0,1,0,0,0,0,0,0,0,1,0,1,0,0
"590",590,55.83,0.74,1,5,6,6,0,1,0,0,1,1,0,1,0,0,0,0,0,0,0,0,0,1,0
"591",591,40.91,0.29,0.01,9,2,5,0,1,1,0,0,0,1,0,0,0,0,0,0,1,0,1,0,0,0
"592",592,51.23,1,0.12,10,8,8,0,1,1,0,0,0,1,1,0,0,0,0,0,0,0,1,0,0,0
"593",593,18.76,0.16,0.41,3,6,2,0,1,1,0,0,0,1,0,1,0,0,0,0,0,0,0,1,0,0
"594",594,38.27,1,0.21,7,6,4,0,1,1,0,0,1,0,0,0,1,0,0,0,0,0,0,1,0,0
"595",595,52.11,0.39,1,4,8,4,0,1,1,0,0,0,1,0,0,0,0,1,0,0,0,0,1,0,0
"596",596,31.57,0,0.78,1,4,3,0,1,1,0,0,0,1,0,0,0,0,0,0,1,0,0,1,0,0
"597",597,35.69,0,0.96,0,8,3,0,1,1,0,0,0,1,0,0,0,0,0,0,1,0,0,0,1,0
"598",598,56.33,1,0.78,5,5,7,0,1,1,0,0,0,1,0,0,0,0,0,0,0,1,0,0,0,1
"599",599,26.43,0.09,0.04,9,2,2,0,1,1,0,0,0,1,0,0,0,0,0,0,0,1,0,1,0,0
"600",600,40.3,1,0.13,6,11,7,0,1,1,0,0,0,1,0,0,0,0,0,0,0,1,0,1,0,0
"601",601,26.34,1,0.03,6,2,3,0,1,0,0,1,0,1,0,0,0,0,1,0,0,0,0,0,0,1
"602",602,49.82,0.98,0.89,2,4,3,0,1,0,0,1,0,1,0,0,1,0,0,0,0,0,0,0,0,1
"603",603,33.16,1,0.39,3,2,3,0,1,0,0,1,0,1,0,0,0,0,1,0,0,0,0,1,0,0
"604",604,27.26,0.07,0.58,7,3,2,0,1,0,0,1,0,1,0,1,0,0,0,0,0,0,0,0,0,1
"605",605,54.3,0.86,0.72,10,7,5,0,1,0,0,1,0,1,0,0,0,1,0,0,0,0,0,0,1,0
"606",606,0,0,0.35,4,4,4,0,1,0,0,1,0,1,0,0,1,0,0,0,0,0,0,1,0,0
"607",607,13.23,0,0.1,2,3,4,0,1,0,0,1,0,1,0,0,0,0,0,0,1,0,1,0,0,0
"608",608,78.74,1,1,8,12,5,0,1,0,0,1,0,1,0,0,0,0,1,0,0,0,0,0,1,0
"609",609,21.03,0.12,0,7,9,3,0,1,0,0,1,0,1,0,0,0,0,0,1,0,0,0,1,0,0
"610",610,35.68,0.45,0.65,9,5,4,0,1,0,0,1,1,0,0,0,0,0,0,1,0,0,0,1,0,0
"611",611,31.58,0.84,0.34,1,1,5,0,1,0,0,1,0,1,0,0,0,1,0,0,0,0,0,1,0,0
"612",612,42.6,0.12,0.77,1,1,2,0,1,0,0,1,0,1,0,0,0,0,1,0,0,0,0,0,1,0
"613",613,50.63,0.75,0,6,5,3,0,1,0,0,1,0,1,0,0,0,0,0,0,1,0,0,0,1,0
"614",614,38.94,0.44,0.05,3,7,4,0,1,0,0,1,0,1,0,0,1,0,0,0,0,0,1,0,0,0
"615",615,47.74,0.37,0.84,7,5,5,0,1,0,0,1,0,1,0,0,1,0,0,0,0,0,1,0,0,0
"616",616,62.58,0.89,0.93,7,6,9,0,1,0,0,1,1,0,0,0,0,0,0,1,0,0,0,0,1,0
"617",617,78.2,0.81,1,8,4,4,0,1,0,0,1,0,1,0,0,0,0,1,0,0,0,0,0,1,0
"618",618,52.33,1,0.73,3,4,6,0,1,0,0,1,0,1,0,0,1,0,0,0,0,0,0,0,0,1
"619",619,61.5,0.86,0.84,5,5,5,0,1,0,0,1,0,1,1,0,0,0,0,0,0,0,0,1,0,0
"620",620,45.26,0.67,0,10,11,4,0,1,0,0,1,0,1,0,0,0,1,0,0,0,0,0,0,0,1
"621",621,34.29,0,1,0,2,5,0,1,1,0,0,0,1,0,1,0,0,0,0,0,0,1,0,0,0
"622",622,70.36,0.91,0.98,6,10,6,0,1,1,0,0,0,1,0,0,1,0,0,0,0,0,0,0,1,0
"623",623,52.92,0.98,0.18,9,4,6,0,1,1,0,0,0,1,1,0,0,0,0,0,0,0,0,0,1,0
"624",624,4.47,0.03,0,7,11,4,0,1,1,0,0,1,0,0,0,0,0,0,1,0,0,1,0,0,0
"625",625,64.96,0.72,1,4,7,5,0,1,1,0,0,0,1,0,0,0,0,0,0,0,1,0,0,0,1
"626",626,31.79,1,0.28,5,2,6,0,1,1,0,0,0,1,0,0,0,0,0,1,0,0,0,1,0,0
"627",627,53.55,1,0,9,11,3,0,1,1,0,0,0,1,0,1,0,0,0,0,0,0,0,0,0,1
"628",628,42.14,0.99,0,9,7,4,0,1,1,0,0,0,1,0,0,1,0,0,0,0,0,0,0,0,1
"629",629,61.64,0.23,1,9,10,3,0,1,1,0,0,0,1,0,1,0,0,0,0,0,0,0,0,0,1
"630",630,66.11,0.99,0.83,9,8,4,0,1,1,0,0,0,1,0,0,0,0,0,0,0,1,0,0,1,0
"631",631,66.65,0.78,0.96,8,9,8,0,1,0,0,1,0,1,0,0,0,0,1,0,0,0,0,0,0,1
"632",632,64.76,0.65,1,4,8,3,0,1,0,0,1,0,1,0,0,0,0,0,0,1,0,0,1,0,0
"633",633,63.37,0.81,0.95,0,6,4,0,1,0,0,1,0,1,0,0,0,0,0,0,1,0,0,1,0,0
"634",634,51.68,0.78,0.36,5,1,3,0,1,0,0,1,0,1,0,0,0,0,0,0,1,0,0,0,1,0
"635",635,36.1,0.72,0.41,4,3,4,0,1,0,0,1,0,1,1,0,0,0,0,0,0,0,0,1,0,0
"636",636,44.66,0.85,0,1,0,4,0,1,0,0,1,0,1,0,0,0,0,0,0,0,1,0,0,0,1
"637",637,24.65,0.23,0,5,11,3,0,1,0,0,1,0,1,1,0,0,0,0,0,0,0,0,0,1,0
"638",638,47.38,0.5,0.41,7,7,2,0,1,0,0,1,0,1,0,0,0,0,0,0,1,0,0,0,0,1
"639",639,39.14,0.56,0,2,4,4,0,1,0,0,1,1,0,0,0,1,0,0,0,0,0,0,0,0,1
"640",640,29.08,0.1,0,9,6,1,0,1,0,0,1,0,1,0,0,0,1,0,0,0,0,0,1,0,0
"641",641,39.23,0.04,0.94,3,5,2,0,1,1,0,0,0,1,0,0,0,0,1,0,0,0,0,0,1,0
"642",642,50.07,0.07,1,7,5,1,0,1,1,0,0,0,1,1,0,0,0,0,0,0,0,0,1,0,0
"643",643,61.51,0.96,0.71,2,7,4,0,1,1,0,0,0,1,0,0,1,0,0,0,0,0,0,1,0,0
"644",644,42.54,1,0.19,6,3,4,0,1,1,0,0,0,1,0,0,0,0,0,1,0,0,0,1,0,0
"645",645,72.26,0.82,0.81,8,5,4,0,1,1,0,0,0,1,0,0,0,0,0,0,0,1,0,1,0,0
"646",646,39.21,0.09,0.81,1,4,2,0,1,1,0,0,1,0,0,0,0,0,0,0,1,0,0,1,0,0
"647",647,61.53,0.54,0.37,9,3,1,0,1,1,0,0,0,1,0,0,0,0,0,0,1,0,0,0,0,1
"648",648,86.39,1,1,5,5,5,0,1,1,0,0,0,1,0,0,0,0,1,0,0,0,0,0,0,1
"649",649,64.55,1,0.86,8,0,5,0,1,1,0,0,1,0,0,0,0,0,1,0,0,0,0,1,0,0
"650",650,28.26,0,0.82,6,9,6,0,1,1,0,0,0,1,0,0,1,0,0,0,0,0,1,0,0,0
"651",651,31.61,0.13,1,3,10,6,0,1,0,0,1,1,0,0,0,0,0,0,0,1,0,0,0,0,1
"652",652,36.22,0.55,0.13,8,5,3,0,1,0,0,1,1,0,0,0,0,0,1,0,0,0,0,0,0,1
"653",653,46.76,1,0.15,7,9,4,0,1,0,0,1,0,1,0,0,0,0,1,0,0,0,1,0,0,0
"654",654,35.24,0.17,0.36,7,9,3,0,1,0,0,1,0,1,1,0,0,0,0,0,0,0,0,1,0,0
"655",655,57.39,0.55,0.99,5,11,3,0,1,0,0,1,0,1,0,0,0,0,1,0,0,0,0,0,1,0
"656",656,35.53,0.78,0,9,7,3,0,1,0,0,1,1,0,1,0,0,0,0,0,0,0,0,0,1,0
"657",657,48.17,0.85,0,10,6,4,0,1,0,0,1,0,1,0,0,0,1,0,0,0,0,0,0,0,1
"658",658,10.74,0.49,0.06,3,3,5,0,1,0,0,1,0,1,1,0,0,0,0,0,0,0,1,0,0,0
"659",659,36.9,0.13,1,3,6,5,0,1,0,0,1,0,1,0,0,0,0,1,0,0,0,0,0,0,1
"660",660,81.9,0.97,0.98,9,11,4,0,1,0,0,1,0,1,0,1,0,0,0,0,0,0,0,0,0,1
"661",661,70.97,0.67,0.94,7,2,3,0,1,1,0,0,0,1,0,0,0,0,0,0,1,0,0,0,1,0
"662",662,40.51,0,0.95,2,9,3,0,1,1,0,0,0,1,0,0,0,0,0,0,0,1,0,0,0,1
"663",663,45.31,0.85,0.24,5,0,7,0,1,1,0,0,0,1,0,0,1,0,0,0,0,0,1,0,0,0
"664",664,39.19,0,0.24,1,2,3,0,1,1,0,0,0,1,0,0,1,0,0,0,0,0,0,1,0,0
"665",665,59.91,0,0.81,10,8,3,0,1,1,0,0,0,1,0,0,0,0,0,0,1,0,0,0,0,1
"666",666,58.91,0.67,0.7,1,10,3,0,1,1,0,0,0,1,0,0,0,0,0,0,1,0,0,1,0,0
"667",667,33.81,0.17,1,2,1,6,0,1,1,0,0,0,1,0,0,0,0,0,0,0,1,0,1,0,0
"668",668,45.42,0.45,0.5,4,3,4,0,1,1,0,0,0,1,0,0,0,1,0,0,0,0,0,1,0,0
"669",669,44.4,0.59,0.37,8,3,4,0,1,1,0,0,0,1,0,0,1,0,0,0,0,0,0,1,0,0
"670",670,85.01,0.95,1,9,9,6,0,1,1,0,0,0,1,0,0,0,0,0,0,0,1,0,0,0,1
"671",671,40.4,0,0.69,8,11,3,0,1,1,0,0,0,1,0,0,1,0,0,0,0,0,0,1,0,0
"672",672,35.73,0.52,0,1,9,4,0,1,1,0,0,0,1,0,0,0,0,1,0,0,0,0,0,0,1
"673",673,53.31,1,0.62,1,2,3,0,1,1,0,0,0,1,0,1,0,0,0,0,0,0,0,1,0,0
"674",674,34.92,0.6,0.51,4,1,3,0,1,1,0,0,1,0,0,0,0,0,0,0,1,0,1,0,0,0
"675",675,35.59,0.33,0.14,0,0,3,0,1,1,0,0,1,0,0,0,0,0,1,0,0,0,1,0,0,0
"676",676,75.95,1,1,4,3,3,0,1,1,0,0,0,1,0,0,0,1,0,0,0,0,0,0,0,1
"677",677,31.49,0.21,0.36,8,11,3,0,1,1,0,0,1,0,0,0,0,0,0,0,0,1,0,0,0,1
"678",678,30.48,0.1,0.41,9,8,3,0,1,1,0,0,0,1,0,0,0,0,0,0,0,1,0,1,0,0
"679",679,29.7,0,1,1,10,3,0,1,1,0,0,0,1,0,0,0,0,0,0,0,1,0,0,1,0
"680",680,64.65,0.84,0.62,10,9,3,0,1,1,0,0,0,1,0,0,1,0,0,0,0,0,0,0,0,1
"681",681,68.48,0.69,1,7,10,5,0,1,0,0,1,0,1,0,0,0,0,0,0,0,1,0,1,0,0
"682",682,24.75,0.15,0.87,2,4,5,0,1,0,0,1,0,1,0,0,0,0,0,0,1,0,1,0,0,0
"683",683,29.07,0.02,1,7,8,2,0,1,0,0,1,1,0,0,0,1,0,0,0,0,0,0,0,1,0
"684",684,25.18,1,0,2,10,4,0,1,0,0,1,0,1,1,0,0,0,0,0,0,0,0,1,0,0
"685",685,0.43,0.08,0.5,1,10,3,0,1,0,0,1,0,1,1,0,0,0,0,0,0,0,0,1,0,0
"686",686,12.39,0,0.36,2,0,3,0,1,0,0,1,0,1,0,0,0,0,0,0,0,1,0,0,0,1
"687",687,78.12,1,0.99,9,8,4,0,1,0,0,1,0,1,0,0,0,0,0,0,0,1,0,0,1,0
"688",688,62.46,0.74,0.87,7,10,3,0,1,0,0,1,0,1,0,0,0,0,1,0,0,0,0,0,1,0
"689",689,22.65,0.55,0.05,8,2,4,0,1,0,0,1,1,0,0,0,0,0,0,1,0,0,1,0,0,0
"690",690,34.22,0.4,1,2,3,4,0,1,0,0,1,0,1,1,0,0,0,0,0,0,0,0,1,0,0
"691",691,59.91,1,0.66,9,8,4,0,1,0,0,1,0,1,1,0,0,0,0,0,0,0,0,0,1,0
"692",692,34.72,0.69,0.61,4,3,4,0,1,0,0,1,1,0,0,0,0,0,0,0,0,1,0,1,0,0
"693",693,47.73,0.3,0.97,6,8,3,0,1,0,0,1,0,1,0,0,0,0,0,0,1,0,0,0,0,1
"694",694,39.04,0.55,0.32,3,1,3,0,1,0,0,1,0,1,1,0,0,0,0,0,0,0,0,1,0,0
"695",695,50.31,0.95,0.13,9,8,3,0,1,0,0,1,0,1,0,0,0,0,1,0,0,0,0,1,0,0
"696",696,44.62,0.77,0.42,7,0,3,0,1,0,0,1,0,1,0,0,0,0,0,0,1,0,0,0,0,1
"697",697,45.24,1,0.15,10,8,5,0,1,0,0,1,0,1,0,0,0,0,0,0,0,1,0,1,0,0
"698",698,27.27,0.42,0,4,2,4,0,1,0,0,1,0,1,0,0,0,0,0,0,1,0,0,0,0,1
"699",699,35.28,0,0.94,7,3,4,0,1,0,0,1,0,1,0,0,0,0,0,0,1,0,0,0,0,1
"700",700,40.25,0.83,0,9,11,3,0,1,0,0,1,0,1,0,0,0,0,0,1,0,0,0,1,0,0
"701",701,20.14,0.21,0.79,7,12,3,0,1,0,1,0,0,1,0,0,0,0,1,0,0,0,0,1,0,0
"702",702,31.6,0.66,0,9,9,3,0,1,0,1,0,0,1,0,0,0,1,0,0,0,0,0,1,0,0
"703",703,56.05,0.84,0.82,5,8,1,0,1,0,1,0,0,1,0,0,0,0,1,0,0,0,0,0,1,0
"704",704,47.46,0.73,0.31,5,10,4,0,1,0,1,0,1,0,0,0,0,0,1,0,0,0,1,0,0,0
"705",705,48.34,0.06,1,6,6,2,0,1,0,1,0,1,0,0,0,0,0,1,0,0,0,0,1,0,0
"706",706,0,0,0.07,2,3,5,0,1,0,1,0,0,1,0,0,0,1,0,0,0,0,0,0,0,1
"707",707,56.49,0.97,0.7,6,11,7,0,1,0,1,0,1,0,0,1,0,0,0,0,0,0,0,0,0,1
"708",708,0,0,0.31,0,1,5,0,1,0,1,0,0,1,0,0,0,0,0,0,0,1,1,0,0,0
"709",709,14.79,1,0.04,3,2,5,0,1,0,1,0,0,1,0,0,1,0,0,0,0,0,0,1,0,0
"710",710,36.98,0,0.57,7,9,4,0,1,0,1,0,1,0,1,0,0,0,0,0,0,0,0,0,0,1
"711",711,0,0,0,0,0,3,0,1,0,0,1,0,1,1,0,0,0,0,0,0,0,0,0,0,1
"712",712,28.2,0.43,0,1,0,6,0,1,0,0,1,0,1,0,0,0,1,0,0,0,0,0,0,1,0
"713",713,60.6,1,0.91,4,5,5,0,1,0,0,1,0,1,0,0,0,0,0,0,0,1,0,1,0,0
"714",714,46.79,1,0.31,6,1,4,0,1,0,0,1,0,1,0,0,0,0,0,1,0,0,1,0,0,0
"715",715,63.96,1,0.37,9,12,2,0,1,0,0,1,0,1,0,1,0,0,0,0,0,0,0,0,0,1
"716",716,38.71,0.44,1,2,0,4,0,1,0,0,1,0,1,1,0,0,0,0,0,0,0,0,0,1,0
"717",717,73.43,0.86,1,5,11,3,0,1,0,0,1,0,1,0,0,0,0,1,0,0,0,0,0,1,0
"718",718,29.86,0.37,0.1,0,3,3,0,1,0,0,1,0,1,0,1,0,0,0,0,0,0,1,0,0,0
"719",719,27.8,0.17,0.71,2,8,4,0,1,0,0,1,0,1,0,0,0,0,1,0,0,0,0,1,0,0
"720",720,1.84,0,0.09,1,4,4,0,1,0,0,1,0,1,0,0,0,0,0,0,0,1,1,0,0,0
"721",721,30.69,1,0,8,12,7,0,1,0,0,1,0,1,0,0,1,0,0,0,0,0,1,0,0,0
"722",722,34.11,0.62,0.21,9,6,3,0,1,0,0,1,1,0,0,0,1,0,0,0,0,0,0,1,0,0
"723",723,24.8,1,0,9,12,6,0,1,0,0,1,1,0,1,0,0,0,0,0,0,0,0,0,0,1
"724",724,7.9,0.43,0,6,0,3,0,1,0,0,1,0,1,1,0,0,0,0,0,0,0,0,1,0,0
"725",725,72.78,0.76,1,10,11,4,0,1,0,0,1,0,1,0,0,0,0,0,0,0,1,0,0,1,0
"726",726,27.06,0.27,0.35,2,10,2,0,1,0,0,1,1,0,0,0,1,0,0,0,0,0,0,1,0,0
"727",727,22.02,0.49,0.28,4,2,5,0,1,0,0,1,0,1,0,0,1,0,0,0,0,0,0,0,0,1
"728",728,64.55,0.9,1,5,9,3,0,1,0,0,1,0,1,1,0,0,0,0,0,0,0,0,1,0,0
"729",729,23.69,0.33,0.58,1,8,3,0,1,0,0,1,0,1,0,0,0,0,1,0,0,0,0,0,0,1
"730",730,58.99,0.74,0.55,10,5,4,0,1,0,0,1,0,1,0,0,0,0,1,0,0,0,0,0,0,1
"731",731,7.58,0.33,0.35,3,3,2,0,1,0,0,1,0,1,0,1,0,0,0,0,0,0,1,0,0,0
"732",732,0,0,0.14,3,0,4,0,1,0,0,1,0,1,0,0,0,0,0,0,0,1,0,0,0,1
"733",733,0,0.49,0.54,2,0,7,0,1,0,0,1,0,1,0,0,0,1,0,0,0,0,0,0,0,1
"734",734,21.68,0.07,0,9,7,3,0,1,0,0,1,0,1,0,0,0,0,1,0,0,0,0,1,0,0
"735",735,57.25,1,0.64,9,11,2,0,1,0,0,1,0,1,0,0,0,0,1,0,0,0,0,0,1,0
"736",736,12.52,0,0,9,8,3,0,1,0,0,1,0,1,0,0,0,0,0,0,0,1,1,0,0,0
"737",737,11.06,0.62,0.16,5,1,2,0,1,0,0,1,1,0,0,0,0,0,0,1,0,0,0,0,1,0
"738",738,62.76,1,1,7,2,6,0,1,0,0,1,1,0,0,0,1,0,0,0,0,0,0,0,0,1
"739",739,73.05,1,1,9,5,4,0,1,0,0,1,1,0,0,0,0,1,0,0,0,0,0,0,1,0
"740",740,33.89,0.8,0.73,6,7,6,0,1,0,0,1,0,1,0,0,0,0,0,1,0,0,0,1,0,0
"741",741,22.88,0.03,0.96,7,12,3,0,1,0,0,1,1,0,0,0,1,0,0,0,0,0,0,1,0,0
"742",742,19.63,0,0.63,0,5,3,0,1,0,0,1,0,1,0,0,0,0,1,0,0,0,0,0,0,1
"743",743,37.1,0.86,0.09,8,9,6,0,1,0,0,1,1,0,0,0,0,0,0,1,0,0,1,0,0,0
"744",744,74.06,0.98,1,5,7,4,0,1,0,0,1,0,1,0,1,0,0,0,0,0,0,0,0,0,1
"745",745,28.25,0.37,0,4,4,3,0,1,0,0,1,0,1,0,0,0,0,1,0,0,0,1,0,0,0
"746",746,23.76,0,0.66,5,5,3,0,1,0,0,1,0,1,0,0,0,0,0,0,1,0,0,1,0,0
"747",747,31.1,0.16,0.17,4,6,6,0,1,0,0,1,0,1,0,0,0,0,0,0,1,0,1,0,0,0
"748",748,26.18,0.22,0.77,1,3,2,0,1,0,0,1,0,1,0,0,0,0,0,0,0,1,0,0,1,0
"749",749,46.83,0.75,0.6,7,11,4,0,1,0,0,1,0,1,0,0,0,0,0,0,0,1,0,0,0,1
"750",750,37.45,0,0.21,4,11,3,0,1,0,0,1,0,1,0,0,0,1,0,0,0,0,0,1,0,0
"751",751,25.86,0.03,0,6,9,1,0,1,0,0,1,0,1,0,0,0,0,0,0,1,0,0,1,0,0
"752",752,14.71,0,0.96,2,3,3,0,1,0,0,1,0,1,0,1,0,0,0,0,0,0,0,0,0,1
"753",753,27.37,0.66,0,7,12,3,0,1,0,0,1,0,1,0,0,1,0,0,0,0,0,0,0,1,0
"754",754,45.51,0.87,0.94,0,5,4,0,1,0,0,1,0,1,0,0,0,0,0,0,0,1,0,0,0,1
"755",755,3.31,0.12,0.13,7,5,6,0,1,0,0,1,0,1,0,0,0,0,0,1,0,0,0,1,0,0
"756",756,22.25,0.9,0,7,0,4,0,1,0,0,1,0,1,0,0,0,0,0,1,0,0,0,0,0,1
"757",757,28.41,0.25,0.23,6,2,4,0,1,0,0,1,0,1,0,0,0,0,0,0,0,1,0,1,0,0
"758",758,29.05,0.49,0.85,6,9,5,0,1,0,0,1,0,1,0,0,1,0,0,0,0,0,0,0,0,1
"759",759,8.64,0.31,0.11,5,3,3,0,1,0,0,1,0,1,0,0,0,1,0,0,0,0,0,1,0,0
"760",760,78.27,0.98,1,9,9,2,0,1,0,0,1,0,1,0,0,0,1,0,0,0,0,0,0,1,0
"761",761,39.69,0.11,0.73,8,7,3,0,1,0,0,1,1,0,0,0,0,0,0,0,1,0,0,0,1,0
"762",762,54.79,0.76,0.22,10,7,1,0,1,0,0,1,0,1,0,0,0,0,0,1,0,0,0,1,0,0
"763",763,14.51,0.03,0.78,2,5,3,0,1,0,0,1,0,1,0,0,1,0,0,0,0,0,0,1,0,0
"764",764,34.21,0.31,0.44,2,11,4,0,1,0,0,1,0,1,0,0,0,0,1,0,0,0,1,0,0,0
"765",765,38.28,0,0,0,2,5,0,1,0,0,1,1,0,0,0,1,0,0,0,0,0,0,0,0,1
"766",766,42.5,0.13,1,1,8,2,0,1,0,0,1,0,1,0,0,0,1,0,0,0,0,0,0,1,0
"767",767,19.67,0,0.57,7,1,1,0,1,0,0,1,0,1,0,0,1,0,0,0,0,0,0,1,0,0
"768",768,26.18,0.29,0,7,4,4,0,1,0,0,1,0,1,1,0,0,0,0,0,0,0,0,1,0,0
"769",769,23.7,0,0.01,4,3,6,0,1,0,0,1,1,0,0,0,0,1,0,0,0,0,0,1,0,0
"770",770,34.72,0.34,0.46,7,9,2,0,1,0,0,1,1,0,0,0,0,0,0,0,1,0,0,0,1,0
"771",771,47.72,0.99,0.25,10,4,6,0,1,0,0,1,0,1,0,0,0,0,0,0,1,0,1,0,0,0
"772",772,54.24,1,0.94,8,0,3,0,1,0,0,1,0,1,0,0,0,0,0,0,0,1,0,1,0,0
"773",773,52.32,0.85,0.72,6,6,3,0,1,0,0,1,0,1,0,0,0,0,0,0,1,0,0,0,1,0
"774",774,19.06,0,1,2,6,4,0,1,0,0,1,0,1,0,0,0,0,0,0,1,0,0,1,0,0
"775",775,0,0.12,0.08,1,2,4,0,1,0,0,1,0,1,1,0,0,0,0,0,0,0,0,0,0,1
"776",776,26.77,0.16,0.94,0,5,5,0,1,0,0,1,0,1,0,0,0,0,1,0,0,0,0,1,0,0
"777",777,12.63,0,0.23,5,11,3,0,1,0,0,1,0,1,0,0,0,0,0,0,1,0,0,0,0,1
"778",778,51.25,0.5,0.99,1,3,4,0,1,0,0,1,0,1,0,0,0,0,1,0,0,0,0,0,0,1
"779",779,22.25,0.42,0,6,10,2,0,1,0,0,1,1,0,0,0,1,0,0,0,0,0,0,0,0,1
"780",780,2.11,0.09,0.19,3,1,4,0,1,0,0,1,0,1,0,0,1,0,0,0,0,0,0,1,0,0
"781",781,35.25,0.86,0.18,5,8,4,0,1,0,0,1,0,1,0,0,0,0,0,0,0,1,0,1,0,0
"782",782,51.84,0.51,0.84,3,8,6,0,1,0,0,1,0,1,0,0,0,0,1,0,0,0,0,1,0,0
"783",783,31.88,0.59,0.02,5,8,3,0,1,0,0,1,0,1,0,0,0,0,1,0,0,0,0,0,0,1
"784",784,31.05,0,0.04,4,0,3,0,1,0,0,1,0,1,0,0,0,0,0,0,1,0,1,0,0,0
"785",785,78.02,1,1,3,5,1,0,1,0,0,1,0,1,0,0,0,0,0,0,1,0,0,0,1,0
"786",786,0,0,0.28,3,0,3,0,1,0,0,1,1,0,0,0,1,0,0,0,0,0,1,0,0,0
"787",787,30.92,0,1,1,2,5,0,1,0,0,1,0,1,0,0,0,0,1,0,0,0,0,1,0,0
"788",788,35.37,0,0,8,1,4,0,1,0,0,1,0,1,0,0,0,1,0,0,0,0,1,0,0,0
"789",789,27.08,0.12,0.93,1,5,3,0,1,0,0,1,1,0,0,0,0,0,1,0,0,0,0,0,1,0
"790",790,65.63,1,0.97,4,1,4,0,1,0,0,1,0,1,0,0,0,0,1,0,0,0,0,1,0,0
"791",791,76.36,0.94,0.96,8,9,3,0,1,0,0,1,0,1,0,0,0,0,0,0,1,0,0,1,0,0
"792",792,10.76,0.09,0.12,3,3,3,0,1,0,0,1,0,1,0,0,1,0,0,0,0,0,0,0,0,1
"793",793,13.36,0.07,0.48,5,8,4,0,1,0,0,1,0,1,0,0,0,0,0,1,0,0,0,0,0,1
"794",794,49.49,0.81,0.84,3,2,2,0,1,0,0,1,1,0,0,0,0,0,0,0,1,0,0,1,0,0
"795",795,40.66,1,0.57,2,7,3,0,1,0,0,1,0,1,0,0,1,0,0,0,0,0,0,0,1,0
"796",796,35.22,0.1,0.94,0,9,2,0,1,0,0,1,0,1,0,1,0,0,0,0,0,0,0,0,0,1
"797",797,36.47,0.57,0.56,8,3,4,0,1,0,0,1,0,1,0,0,1,0,0,0,0,0,0,0,0,1
"798",798,31.36,0.54,0.27,5,9,5,0,1,0,0,1,0,1,0,0,0,0,0,1,0,0,0,0,0,1
"799",799,44.69,0.03,1,7,4,2,0,1,0,0,1,0,1,0,0,0,0,0,0,0,1,0,1,0,0
"800",800,30.92,0.08,0.63,5,11,4,0,1,0,0,1,0,1,0,0,0,0,0,0,1,0,0,0,0,1
"801",801,15.21,0.16,0,4,3,5,0,1,1,0,0,0,1,0,0,0,1,0,0,0,0,0,0,0,1
"802",802,18.18,0.03,0,2,0,3,0,1,1,0,0,0,1,0,0,0,0,0,0,0,1,0,0,0,1
"803",803,53.22,0.71,0.64,9,11,6,0,1,1,0,0,0,1,0,0,1,0,0,0,0,0,0,0,0,1
"804",804,68.9,0.68,0.92,8,7,3,0,1,1,0,0,0,1,0,0,0,1,0,0,0,0,0,0,1,0
"805",805,74.44,1,1,0,0,4,0,1,1,0,0,0,1,0,1,0,0,0,0,0,0,0,1,0,0
"806",806,52.53,0.49,0.87,3,10,3,0,1,1,0,0,0,1,1,0,0,0,0,0,0,0,0,0,1,0
"807",807,30.87,0.39,0.05,6,7,4,0,1,1,0,0,0,1,0,0,0,0,0,1,0,0,0,0,0,1
"808",808,31.28,0,0.66,2,2,3,0,1,1,0,0,0,1,0,0,0,0,1,0,0,0,0,1,0,0
"809",809,24.08,0.72,0.08,1,1,4,0,1,1,0,0,0,1,0,0,1,0,0,0,0,0,1,0,0,0
"810",810,22.86,0.02,0,1,9,6,0,1,1,0,0,1,0,0,0,0,1,0,0,0,0,0,0,0,1
"811",811,17.77,0.42,0,5,4,5,0,1,0,0,1,0,1,1,0,0,0,0,0,0,0,1,0,0,0
"812",812,54,1,0.59,9,11,4,0,1,0,0,1,0,1,0,0,0,0,0,0,0,1,0,0,0,1
"813",813,61.84,1,0.96,4,7,5,0,1,0,0,1,0,1,0,0,1,0,0,0,0,0,0,0,1,0
"814",814,47.84,0.99,0.36,6,8,4,0,1,0,0,1,0,1,0,0,0,1,0,0,0,0,1,0,0,0
"815",815,15.5,0,0.09,4,6,4,0,1,0,0,1,0,1,1,0,0,0,0,0,0,0,0,0,0,1
"816",816,30.91,0.35,0.23,8,9,3,0,1,0,0,1,0,1,0,0,1,0,0,0,0,0,0,1,0,0
"817",817,32.07,1,0.61,3,0,6,0,1,0,0,1,0,1,0,0,0,0,0,0,0,1,0,0,0,1
"818",818,25.69,0.1,0.12,0,8,5,0,1,0,0,1,0,1,1,0,0,0,0,0,0,0,1,0,0,0
"819",819,5.89,0.4,0.34,2,12,5,0,1,0,0,1,0,1,0,0,0,0,0,0,0,1,0,0,0,1
"820",820,30.82,0.43,0.49,6,3,7,0,1,0,0,1,0,1,0,0,1,0,0,0,0,0,1,0,0,0
"821",821,67.73,0.68,0.98,8,9,3,0,1,0,0,1,0,1,0,0,0,0,0,0,0,1,0,0,0,1
"822",822,52.98,0.93,0.07,9,7,3,0,1,0,0,1,0,1,0,0,0,0,0,0,0,1,1,0,0,0
"823",823,52.52,0.63,0.9,8,12,3,0,1,0,0,1,0,1,1,0,0,0,0,0,0,0,0,0,1,0
"824",824,74.49,0.97,1,5,10,6,0,1,0,0,1,0,1,0,0,0,0,0,0,1,0,0,0,0,1
"825",825,40.68,0.9,0,10,2,3,0,1,0,0,1,0,1,0,0,0,0,0,1,0,0,0,0,0,1
"826",826,30.42,0.05,0.85,5,8,3,0,1,0,0,1,0,1,1,0,0,0,0,0,0,0,0,0,0,1
"827",827,0,0.07,0.03,3,1,5,0,1,0,0,1,0,1,1,0,0,0,0,0,0,0,1,0,0,0
"828",828,73.22,0.9,0.99,5,7,5,0,1,0,0,1,0,1,0,0,0,0,0,0,1,0,0,1,0,0
"829",829,54.22,0.07,0,6,11,5,0,1,0,0,1,0,1,0,0,0,1,0,0,0,0,0,0,0,1
"830",830,44.15,0.99,0,7,12,3,0,1,0,0,1,0,1,0,0,1,0,0,0,0,0,0,1,0,0
"831",831,74.38,0.82,0.99,9,12,4,0,1,0,0,1,0,1,0,0,0,0,0,0,0,1,0,0,0,1
"832",832,46.43,0.78,0.73,2,4,5,0,1,0,0,1,0,1,1,0,0,0,0,0,0,0,1,0,0,0
"833",833,45.84,0.39,0.86,8,3,1,0,1,0,0,1,1,0,0,0,1,0,0,0,0,0,0,0,1,0
"834",834,44.89,1,0.52,5,3,6,0,1,0,0,1,0,1,0,1,0,0,0,0,0,0,0,0,0,1
"835",835,51.48,0.5,1,0,2,4,0,1,0,0,1,0,1,0,0,0,0,0,0,1,0,0,1,0,0
"836",836,51.8,1,0.37,10,3,8,0,1,0,0,1,0,1,0,0,1,0,0,0,0,0,0,0,0,1
"837",837,20.86,0.32,0.73,1,5,4,0,1,0,0,1,0,1,0,0,0,0,1,0,0,0,0,0,1,0
"838",838,45.53,0.81,0.52,5,2,3,0,1,0,0,1,0,1,0,1,0,0,0,0,0,0,0,0,0,1
"839",839,30.55,1,0.04,7,0,4,0,1,0,0,1,0,1,0,0,0,0,0,0,0,1,1,0,0,0
"840",840,38.15,0.78,0,7,2,3,0,1,0,0,1,0,1,1,0,0,0,0,0,0,0,0,0,0,1
"841",841,41.12,1,0.41,6,6,5,0,1,0,0,1,0,1,0,0,0,0,0,0,0,1,0,0,1,0
"842",842,71.82,0.99,1,7,9,5,0,1,0,0,1,0,1,0,0,1,0,0,0,0,0,0,0,1,0
"843",843,10.38,0.27,0.81,0,0,1,0,1,0,0,1,0,1,0,0,0,0,1,0,0,0,0,1,0,0
"844",844,58.25,0.89,0.97,5,2,5,0,1,0,0,1,0,1,1,0,0,0,0,0,0,0,0,0,1,0
"845",845,20.28,0.08,0.74,6,2,2,0,1,0,0,1,0,1,0,0,0,0,1,0,0,0,0,0,0,1
"846",846,57.7,0.95,0.91,1,2,4,0,1,0,0,1,0,1,0,1,0,0,0,0,0,0,0,0,0,1
"847",847,60.84,1,0.89,10,12,7,0,1,0,0,1,0,1,0,0,1,0,0,0,0,0,0,0,0,1
"848",848,64.52,1,1,2,3,5,0,1,0,0,1,0,1,0,0,1,0,0,0,0,0,0,1,0,0
"849",849,49.92,0.66,0.92,0,6,3,0,1,0,0,1,0,1,0,1,0,0,0,0,0,0,0,1,0,0
"850",850,14.94,0,0.29,4,3,2,0,1,0,0,1,0,1,1,0,0,0,0,0,0,0,0,0,0,1
"851",851,42.34,0.67,0.51,2,3,3,0,1,0,0,1,0,1,0,0,1,0,0,0,0,0,0,1,0,0
"852",852,40.71,0.44,0.9,2,2,3,0,1,0,0,1,1,0,0,1,0,0,0,0,0,0,0,1,0,0
"853",853,54.57,0.88,0.58,8,11,5,0,1,0,0,1,0,1,0,0,0,0,0,0,1,0,0,0,0,1
"854",854,32.8,0.16,0.58,8,7,1,0,1,0,0,1,1,0,0,0,1,0,0,0,0,0,0,0,1,0
"855",855,47.46,0.58,0.59,9,10,1,0,1,0,0,1,0,1,0,0,1,0,0,0,0,0,0,0,1,0
"856",856,68.71,0.54,1,10,12,4,0,1,0,0,1,0,1,0,0,0,0,1,0,0,0,0,0,1,0
"857",857,28.07,0,0.85,5,12,2,0,1,0,0,1,1,0,0,1,0,0,0,0,0,0,0,1,0,0
"858",858,30.39,0.27,1,1,11,4,0,1,0,0,1,0,1,0,0,1,0,0,0,0,0,0,1,0,0
"859",859,38.8,0.89,0.67,4,1,5,0,1,0,0,1,0,1,0,0,0,0,1,0,0,0,0,1,0,0
"860",860,39.7,0.13,0.78,10,11,1,0,1,0,0,1,1,0,0,1,0,0,0,0,0,0,0,0,1,0
"861",861,45.92,0.74,0.72,9,6,3,0,1,0,0,1,0,1,0,0,1,0,0,0,0,0,0,1,0,0
"862",862,9.91,0.5,0.72,0,0,3,0,1,0,0,1,1,0,0,0,0,0,0,0,1,0,0,0,0,1
"863",863,55.97,0.65,1,6,4,5,0,1,0,0,1,1,0,0,0,0,0,0,0,1,0,1,0,0,0
"864",864,69.82,1,1,6,8,4,0,1,0,0,1,0,1,0,0,0,0,1,0,0,0,0,1,0,0
"865",865,21.26,0.99,0,10,11,6,0,1,0,0,1,0,1,1,0,0,0,0,0,0,0,0,0,0,1
"866",866,18.98,0.15,0.17,5,12,3,0,1,0,0,1,0,1,1,0,0,0,0,0,0,0,0,1,0,0
"867",867,0,0.29,0.52,0,1,1,0,1,0,0,1,1,0,0,0,1,0,0,0,0,0,0,0,1,0
"868",868,40.07,0.8,0.41,8,10,3,0,1,0,0,1,0,1,0,0,0,0,0,0,0,1,0,1,0,0
"869",869,10.68,0.38,0.69,6,12,3,0,1,0,0,1,1,0,0,0,0,0,0,0,0,1,0,1,0,0
"870",870,32.08,0.76,0.61,7,1,3,0,1,0,0,1,0,1,0,1,0,0,0,0,0,0,0,0,1,0
"871",871,60.47,0.97,0.76,10,7,3,0,1,0,0,1,1,0,0,0,1,0,0,0,0,0,0,0,1,0
"872",872,18.88,0,1,0,7,6,0,1,0,0,1,0,1,0,0,0,0,0,1,0,0,0,0,1,0
"873",873,12.27,0.77,0,5,2,7,0,1,0,0,1,1,0,0,0,1,0,0,0,0,0,1,0,0,0
"874",874,29.39,0.79,0,9,7,3,0,1,0,0,1,0,1,0,0,0,1,0,0,0,0,0,0,0,1
"875",875,27.43,0.7,0,6,9,5,0,1,0,0,1,0,1,0,0,0,0,0,0,1,0,1,0,0,0
"876",876,23.6,0.04,0,7,4,4,0,1,0,0,1,1,0,0,0,0,1,0,0,0,0,0,0,0,1
"877",877,78.96,1,0.96,10,2,4,0,1,0,0,1,0,1,0,0,0,0,0,0,1,0,0,1,0,0
"878",878,56.86,0.82,0.97,2,11,4,0,1,0,0,1,0,1,0,1,0,0,0,0,0,0,0,0,1,0
"879",879,29.87,0.56,0,10,9,3,0,1,0,0,1,1,0,0,0,0,0,0,0,0,1,0,0,0,1
"880",880,15.55,0,0.26,5,4,2,0,1,0,0,1,1,0,0,0,0,0,0,0,1,0,1,0,0,0
"881",881,0,0.35,0,5,0,4,0,1,0,0,1,0,1,1,0,0,0,0,0,0,0,0,1,0,0
"882",882,42.76,0.48,0.75,2,9,3,0,1,0,0,1,0,1,0,0,0,0,0,0,1,0,0,1,0,0
"883",883,16.12,0.42,0.19,4,4,4,0,1,0,0,1,0,1,0,0,0,1,0,0,0,0,0,0,0,1
"884",884,28.9,0.45,0.85,4,11,4,0,1,0,0,1,0,1,1,0,0,0,0,0,0,0,0,0,1,0
"885",885,46.95,1,0,8,9,4,0,1,0,0,1,0,1,1,0,0,0,0,0,0,0,0,1,0,0
"886",886,33.15,0.3,0.68,9,9,3,0,1,0,0,1,0,1,0,0,0,1,0,0,0,0,0,0,0,1
"887",887,58.6,1,0.84,1,7,3,0,1,0,0,1,0,1,0,1,0,0,0,0,0,0,0,0,1,0
"888",888,62.43,1,0.88,9,12,4,0,1,0,0,1,0,1,0,0,1,0,0,0,0,0,0,0,1,0
"889",889,65.09,0.64,0.9,10,4,4,0,1,0,0,1,0,1,0,0,0,0,1,0,0,0,0,1,0,0
"890",890,20.04,0.02,0,8,6,3,0,1,0,0,1,0,1,0,0,0,1,0,0,0,0,0,1,0,0
"891",891,35.14,0.28,0.32,6,11,1,0,1,0,0,1,0,1,0,0,0,0,1,0,0,0,0,1,0,0
"892",892,34.94,0.46,0.67,8,3,3,0,1,0,0,1,1,0,1,0,0,0,0,0,0,0,0,1,0,0
"893",893,22.36,0.49,0.04,3,3,4,0,1,0,0,1,0,1,0,0,0,0,0,0,0,1,0,0,0,1
"894",894,6.49,0.03,0,0,0,3,0,1,0,0,1,0,1,0,0,0,0,0,0,0,1,0,0,0,1
"895",895,21.76,0,0,1,8,2,0,1,0,0,1,1,0,1,0,0,0,0,0,0,0,0,1,0,0
"896",896,13.25,0,0,2,4,3,0,1,0,0,1,0,1,0,0,0,0,0,0,1,0,0,1,0,0
"897",897,12.49,0.5,0.17,2,5,5,0,1,0,0,1,1,0,0,0,1,0,0,0,0,0,0,0,0,1
"898",898,57.61,1,0.9,5,7,5,0,1,0,0,1,0,1,0,0,0,1,0,0,0,0,0,1,0,0
"899",899,43.42,1,0.31,7,9,4,0,1,0,0,1,0,1,0,0,0,0,0,0,0,1,0,1,0,0
"900",900,47.31,1,0.02,8,12,4,0,1,0,0,1,0,1,0,0,0,1,0,0,0,0,0,0,0,1
"901",901,42.71,0.51,0.49,10,5,3,0,1,0,0,1,0,1,0,0,1,0,0,0,0,0,0,1,0,0
"902",902,30.89,0.45,0.02,10,4,4,0,1,0,0,1,0,1,0,0,0,0,0,0,0,1,0,0,0,1
"903",903,24.4,0.33,0.42,9,3,3,0,1,0,0,1,0,1,0,0,1,0,0,0,0,0,0,0,1,0
"904",904,61.24,0.79,0.81,8,7,3,0,1,0,0,1,1,0,0,0,0,0,1,0,0,0,0,1,0,0
"905",905,53.24,1,0.59,5,11,4,0,1,0,0,1,0,1,0,0,0,0,1,0,0,0,1,0,0,0
"906",906,23.09,0.54,0.08,0,12,3,0,1,0,0,1,1,0,0,0,0,0,0,1,0,0,0,0,1,0
"907",907,26.65,0,0,9,5,3,0,1,0,0,1,1,0,0,0,0,0,0,1,0,0,0,0,1,0
"908",908,5.38,0.19,0.12,8,3,6,0,1,0,0,1,0,1,0,0,0,1,0,0,0,0,0,1,0,0
"909",909,47.76,0.35,1,9,10,6,0,1,0,0,1,0,1,0,0,0,0,0,1,0,0,0,0,0,1
"910",910,60.1,0.71,0.96,3,5,3,0,1,0,0,1,0,1,0,0,0,0,0,0,0,1,0,0,1,0
"911",911,58.62,0.87,0.73,10,8,3,0,1,0,0,1,0,1,0,0,0,0,0,0,0,1,0,0,1,0
"912",912,0,0.16,0,3,7,3,0,1,0,0,1,1,0,1,0,0,0,0,0,0,0,0,1,0,0
"913",913,8.96,0,0.29,2,4,5,0,1,0,0,1,1,0,0,0,0,0,0,0,1,0,0,1,0,0
"914",914,56.35,0.95,0.88,1,10,3,0,1,0,0,1,0,1,0,1,0,0,0,0,0,0,0,1,0,0
"915",915,29.08,0.84,0.19,6,1,3,0,1,0,0,1,1,0,0,0,0,0,0,0,0,1,0,0,1,0
"916",916,7.42,0,0,1,3,5,0,1,0,0,1,0,1,0,0,0,0,0,0,0,1,0,0,0,1
"917",917,64.77,1,1,4,5,4,0,1,0,0,1,0,1,0,0,0,0,0,0,0,1,0,1,0,0
"918",918,31.18,0.98,0,9,11,4,0,1,0,0,1,0,1,0,0,0,0,0,0,0,1,0,1,0,0
"919",919,40.89,0.37,0.58,10,9,2,0,1,0,0,1,1,0,0,0,0,0,0,0,1,0,0,0,1,0
"920",920,26,0.86,0.6,2,0,4,0,1,0,0,1,0,1,0,0,0,0,0,0,0,1,0,0,0,1
"921",921,33.78,0.59,0.21,8,11,5,0,1,0,0,1,1,0,0,0,0,1,0,0,0,0,0,0,0,1
"922",922,49.59,1,0.31,7,12,4,0,1,0,0,1,0,1,0,0,0,0,0,0,1,0,0,0,0,1
"923",923,0,0.31,0,3,1,4,0,1,0,0,1,0,1,0,0,1,0,0,0,0,0,0,1,0,0
"924",924,35.55,1,0,10,11,6,0,1,0,0,1,0,1,0,0,1,0,0,0,0,0,0,1,0,0
"925",925,66,1,1,5,3,5,0,1,0,0,1,0,1,0,0,0,0,0,0,0,1,0,0,1,0
"926",926,44.19,1,0.28,6,8,4,0,1,0,0,1,0,1,0,0,0,0,1,0,0,0,0,1,0,0
"927",927,77.05,1,1,9,3,6,0,1,0,0,1,1,0,0,0,0,0,0,0,0,1,1,0,0,0
"928",928,28.25,0.85,0,1,3,3,0,1,0,0,1,0,1,0,0,1,0,0,0,0,0,0,0,1,0
"929",929,28.68,0,0.16,8,6,3,0,1,0,0,1,0,1,0,0,0,1,0,0,0,0,0,1,0,0
"930",930,100,0.19,0,3,1,6,0,1,0,0,1,1,0,1,0,0,0,0,0,0,0,1,0,0,0
"931",931,40.76,0.07,0.76,1,9,4,0,1,0,0,1,0,1,0,0,0,0,0,0,0,1,1,0,0,0
"932",932,41.92,1,0.46,6,11,8,0,1,0,0,1,0,1,0,0,1,0,0,0,0,0,0,0,0,1
"933",933,71.33,1,1,7,1,3,0,1,0,0,1,0,1,0,0,1,0,0,0,0,0,0,0,1,0
"934",934,34.3,1,0.14,7,4,3,0,1,0,0,1,0,1,0,0,1,0,0,0,0,0,0,0,1,0
"935",935,49,0.19,0.81,8,6,3,0,1,0,0,1,1,0,0,1,0,0,0,0,0,0,0,1,0,0
"936",936,50.62,0.54,1,4,3,7,0,1,0,0,1,0,1,0,0,0,0,0,0,0,1,0,0,0,1
"937",937,76.24,0,0.37,1,2,3,0,1,0,0,1,0,1,0,0,0,1,0,0,0,0,0,0,0,1
"938",938,74.03,0.89,0.99,8,11,3,0,1,0,0,1,0,1,0,0,1,0,0,0,0,0,0,0,1,0
"939",939,26.24,0,0.68,5,3,5,0,1,0,0,1,1,0,0,0,0,0,0,0,1,0,1,0,0,0
"940",940,24.62,0.12,0,3,3,2,0,1,0,0,1,0,1,0,0,0,1,0,0,0,0,0,0,1,0
"941",941,47.2,0.5,0.92,4,7,2,0,1,0,0,1,0,1,0,0,0,0,0,0,1,0,0,0,1,0
"942",942,49.4,0.93,0.64,9,9,3,0,1,0,0,1,1,0,0,0,0,0,0,0,0,1,0,1,0,0
"943",943,61.26,0.9,0.77,7,7,3,0,1,0,0,1,0,1,0,1,0,0,0,0,0,0,0,1,0,0
"944",944,40.23,1,0.1,10,4,7,0,1,0,0,1,0,1,0,0,1,0,0,0,0,0,1,0,0,0
"945",945,55.85,0.79,1,3,11,5,0,1,0,0,1,0,1,1,0,0,0,0,0,0,0,0,0,1,0
"946",946,57.11,0.98,0.93,3,6,4,0,1,0,0,1,0,1,0,0,0,1,0,0,0,0,0,0,1,0
"947",947,30.97,0.2,1,0,2,3,0,1,0,0,1,0,1,0,0,0,0,1,0,0,0,0,0,1,0
"948",948,31.99,0.63,0.27,7,1,6,0,1,0,0,1,0,1,0,0,0,1,0,0,0,0,1,0,0,0
"949",949,29.85,0.11,0.04,6,5,2,0,1,0,0,1,0,1,0,0,0,0,1,0,0,0,0,0,0,1
"950",950,12.04,0,0.47,6,9,5,0,1,0,0,1,1,0,1,0,0,0,0,0,0,0,0,1,0,0
"951",951,60.75,0.96,0.76,2,3,4,0,1,1,0,0,0,1,0,0,1,0,0,0,0,0,0,0,1,0
"952",952,27.97,0.02,0.03,6,2,3,0,1,1,0,0,0,1,0,0,0,0,0,0,1,0,0,0,1,0
"953",953,23.51,0.3,0.11,10,12,6,0,1,1,0,0,1,0,0,0,1,0,0,0,0,0,0,1,0,0
"954",954,25.76,0.04,0.24,1,7,1,0,1,1,0,0,1,0,0,0,1,0,0,0,0,0,0,0,1,0
"955",955,35.28,0.46,0.32,6,5,3,0,1,1,0,0,0,1,0,0,0,0,0,1,0,0,0,0,1,0
"956",956,33.23,0.22,0.51,2,2,3,0,1,1,0,0,0,1,0,0,1,0,0,0,0,0,0,1,0,0
"957",957,49.49,1,0.72,3,5,5,0,1,1,0,0,1,0,0,1,0,0,0,0,0,0,1,0,0,0
"958",958,67.9,1,0.9,3,10,5,0,1,1,0,0,0,1,0,0,0,0,1,0,0,0,0,0,1,0
"959",959,47.1,1,0.37,6,9,3,0,1,1,0,0,0,1,0,0,0,0,0,0,0,1,0,0,1,0
"960",960,18.59,0.45,0.26,4,12,7,0,1,1,0,0,0,1,0,0,1,0,0,0,0,0,1,0,0,0
"961",961,52.77,0.68,0.67,7,8,4,0,1,1,0,0,0,1,0,0,0,1,0,0,0,0,0,1,0,0
"962",962,77.79,1,1,8,8,4,0,1,1,0,0,0,1,0,0,0,0,0,0,0,1,0,1,0,0
"963",963,51.07,0.39,1,1,8,6,0,1,1,0,0,0,1,0,1,0,0,0,0,0,0,0,1,0,0
"964",964,42.78,0.63,0.05,10,11,4,0,1,1,0,0,0,1,0,0,1,0,0,0,0,0,0,0,1,0
"965",965,23.46,0,0,3,5,3,0,1,1,0,0,0,1,0,0,0,0,0,0,1,0,0,0,0,1
"966",966,0,0,0.22,4,1,3,0,1,1,0,0,1,0,0,0,0,0,0,0,0,1,0,0,0,1
"967",967,82.38,0.87,1,7,6,3,0,1,1,0,0,0,1,0,1,0,0,0,0,0,0,0,0,0,1
"968",968,4.59,0,0.42,1,3,1,0,1,1,0,0,1,0,0,0,0,0,0,0,1,0,0,1,0,0
"969",969,37.31,0.36,1,4,11,5,0,1,1,0,0,0,1,0,0,0,0,0,0,0,1,0,1,0,0
"970",970,48.38,0.33,1,4,4,2,0,1,1,0,0,0,1,0,0,0,0,1,0,0,0,0,1,0,0
"971",971,86.7,1,1,9,7,3,0,1,0,0,1,0,1,0,0,0,0,1,0,0,0,0,0,1,0
"972",972,33.32,0.65,0.89,0,10,6,0,1,0,0,1,0,1,0,0,0,0,0,0,0,1,1,0,0,0
"973",973,56.39,1,0.72,6,9,3,0,1,0,0,1,0,1,0,0,0,0,0,0,1,0,0,0,0,1
"974",974,50.04,0.36,1,6,6,4,0,1,0,0,1,0,1,0,1,0,0,0,0,0,0,0,0,0,1
"975",975,48.75,0.76,0.9,2,9,6,0,1,0,0,1,0,1,0,0,0,0,0,0,1,0,0,1,0,0
"976",976,52,0.63,0.92,10,12,5,0,1,0,0,1,0,1,0,0,0,1,0,0,0,0,0,0,1,0
"977",977,39.44,1,0,2,9,4,0,1,0,0,1,0,1,0,0,0,0,1,0,0,0,0,0,0,1
"978",978,30.71,0,1,4,3,5,0,1,0,0,1,0,1,0,0,0,0,0,0,0,1,0,0,0,1
"979",979,33,0.48,0.81,3,11,3,0,1,0,0,1,0,1,0,0,0,1,0,0,0,0,0,0,1,0
"980",980,35.61,0.3,0,10,10,3,0,1,0,0,1,1,0,1,0,0,0,0,0,0,0,0,0,0,1
"981",981,32.07,0.55,0.29,5,10,5,0,1,0,0,1,0,1,0,0,0,0,0,1,0,0,0,0,0,1
"982",982,38.63,0.95,0.24,7,8,4,0,1,0,0,1,0,1,0,0,0,0,0,0,0,1,0,0,1,0
"983",983,20.32,0.7,0.03,4,2,4,0,1,0,0,1,0,1,0,0,0,1,0,0,0,0,0,0,0,1
"984",984,31.34,0.2,0.73,0,6,2,0,1,0,0,1,0,1,0,0,0,0,0,0,1,0,0,0,0,1
"985",985,40.49,1,0.17,8,11,3,0,1,0,0,1,0,1,0,0,0,0,0,0,0,1,0,1,0,0
"986",986,26.05,0.27,0.96,2,1,5,0,1,0,0,1,0,1,0,1,0,0,0,0,0,0,0,1,0,0
"987",987,13.16,0,1,3,8,4,0,1,0,0,1,0,1,0,0,0,0,0,0,0,1,0,0,0,1
"988",988,71.88,1,0.87,10,9,3,0,1,0,0,1,0,1,0,0,1,0,0,0,0,0,0,1,0,0
"989",989,55.98,0.97,0.52,8,6,4,0,1,0,0,1,0,1,0,0,0,0,0,0,1,0,0,0,0,1
"990",990,68.99,0.66,1,9,6,3,0,1,0,0,1,1,0,0,0,0,0,0,0,0,1,0,0,1,0
"991",991,40.19,0.07,0.36,0,1,2,0,1,0,0,1,0,1,0,0,0,0,1,0,0,0,0,0,0,1
"992",992,22.5,0.16,0.13,7,11,4,0,1,0,0,1,0,1,1,0,0,0,0,0,0,0,0,0,1,0
"993",993,29.36,1,0.15,8,0,2,0,1,0,0,1,0,1,0,0,0,0,0,0,0,1,0,1,0,0
"994",994,64.69,1,0.86,7,1,3,0,1,0,0,1,0,1,0,1,0,0,0,0,0,0,0,0,0,1
"995",995,33.05,1,0.1,7,0,3,0,1,0,0,1,1,0,0,1,0,0,0,0,0,0,0,0,0,1
"996",996,12.62,0.03,0.77,1,12,3,0,1,0,0,1,0,1,0,0,0,0,0,0,1,0,0,0,1,0
"997",997,32.15,0,0.97,5,4,3,0,1,0,0,1,0,1,0,0,0,0,0,0,1,0,0,0,0,1
"998",998,74.25,0.95,0.9,8,9,3,0,1,0,0,1,0,1,0,1,0,0,0,0,0,0,0,0,1,0
"999",999,41.08,0.84,0,9,10,6,0,1,0,0,1,0,1,0,0,0,0,0,0,0,1,1,0,0,0
"1000",1000,47.41,0.91,0.39,9,12,5,0,1,0,0,1,0,1,0,0,0,0,0,1,0,0,0,0,1,0
