,player,expected win
0,451,2.729734446250071e-68
1,711,5.037658486951565e-64
2,218,9.126323521610968e-64
3,765,9.159765451749676e-64
4,230,9.208375959728319e-63
5,364,3.0631036574534642e-62
6,525,5.551183622601365e-62
7,307,1.1742188126654069e-61
8,234,7.733957294350597e-61
9,277,8.239994157321027e-61
10,894,8.454107079919354e-61
11,130,1.8004114877036253e-60
12,47,2.0051578787097977e-60
13,912,3.0459886894698367e-60
14,50,3.2793357193542255e-60
15,930,4.832180044685171e-60
16,337,8.808271758111811e-60
17,518,9.036064670510033e-60
18,916,2.0274590811012153e-59
19,311,4.478798279884011e-59
20,221,6.950907474549859e-59
21,895,7.540891041852176e-59
22,301,1.7093928920386826e-58
23,210,2.196221592816728e-58
24,381,2.210393229819934e-58
25,370,2.3059698432861015e-58
26,720,2.723414900409266e-58
27,810,4.0577361504624944e-58
28,513,4.781767515176655e-58
29,51,5.567504658056589e-58
30,265,6.63228607729788e-58
31,732,6.666159758750758e-58
32,686,6.682612650681278e-58
33,712,8.20183026308325e-58
34,16,1.4325873211719133e-57
35,356,1.643882124396099e-57
36,815,2.029425595490241e-57
37,189,2.862444169037056e-57
38,755,3.8805628446686706e-57
39,448,5.596235551750864e-57
40,136,8.103160536264817e-57
41,93,9.335065272638827e-57
42,769,1.03967015130158e-56
43,478,1.3628878065309949e-56
44,937,1.4125995592095775e-56
45,134,2.2797798219153406e-56
46,509,3.297239665837884e-56
47,303,4.239440834007942e-56
48,788,5.465684097975994e-56
49,786,7.381405847052708e-56
50,128,1.3794306453833802e-55
51,292,1.6048838349460845e-55
52,116,2.397842355233851e-55
53,276,3.3705747454983505e-55
54,165,4.804040599620917e-55
55,9,5.046915761104973e-55
56,495,6.408473011727796e-55
57,323,6.4934885465885185e-55
58,818,6.713274380388095e-55
59,896,6.779713659050098e-55
60,983,1.1604692650735227e-54
61,658,1.810475267951331e-54
62,558,2.1426972045870327e-54
63,56,2.2829762398514525e-54
64,827,2.5991528655477374e-54
65,272,2.677885688344422e-54
66,179,3.266676109826126e-54
67,208,4.000224370613746e-54
68,960,5.087518457478908e-54
69,606,5.216811096354455e-54
70,395,5.700677792602732e-54
71,819,6.307729813380512e-54
72,294,8.554554635495206e-54
73,30,1.4380276763453654e-53
74,123,1.456766728470987e-53
75,317,1.6786368388733903e-53
76,401,1.736796005872815e-53
77,213,2.191482219420868e-53
78,467,3.008596451221965e-53
79,780,3.8355033418841707e-53
80,333,4.0109175890639145e-53
81,153,4.08822456243093e-53
82,79,5.912703211720979e-53
83,405,7.349979992249247e-53
84,718,8.78687462088226e-53
85,406,9.438223493580646e-53
86,314,1.1820941544996456e-52
87,609,1.2293614099223017e-52
88,3,1.371870904487108e-52
89,181,1.6284148737219494e-52
90,624,1.940586547974495e-52
91,576,2.5129048144971772e-52
92,247,2.530747614787234e-52
93,517,2.644438964531014e-52
94,360,3.048451999854263e-52
95,913,4.069625250224154e-52
96,219,5.628507695699232e-52
97,784,5.8874064654259304e-52
98,72,7.044607288107464e-52
99,499,8.633862098399386e-52
100,117,8.848818215777206e-52
101,335,9.563863747045878e-52
102,802,1.2086869528293636e-51
103,494,3.0046757746762553e-51
104,115,3.4024510529063283e-51
105,907,3.848242423915097e-51
106,431,3.865126604163063e-51
107,358,4.5204100139854256e-51
108,890,4.58988461163977e-51
109,775,5.0083685332966077e-51
110,175,5.597419575210643e-51
111,142,6.039240371375436e-51
112,881,6.682735583504486e-51
113,675,7.643687441308558e-51
114,706,8.514771210460324e-51
115,357,1.0274816147251138e-50
116,347,1.33236802439894e-50
117,759,1.3400813288394604e-50
118,110,1.4020222299455563e-50
119,747,1.6557702872109128e-50
120,308,1.73607069613208e-50
121,141,2.1199765722232334e-50
122,200,2.4067817776953774e-50
123,708,3.29832308259473e-50
124,384,3.5063205017209646e-50
125,470,4.0037398389760883e-50
126,315,4.700657778454833e-50
127,112,5.199445486442655e-50
128,966,5.836714848984727e-50
129,67,6.3047919119540525e-50
130,24,6.846416208916332e-50
131,127,1.094823822311786e-49
132,727,1.3410156356668946e-49
133,750,2.3401435014546437e-49
134,283,2.382056329788214e-49
135,940,2.4468327126547153e-49
136,167,2.610393500757255e-49
137,801,2.6297508011651256e-49
138,336,2.9606474861332807e-49
139,152,3.1801185279279007e-49
140,342,3.5468305658040554e-49
141,579,3.566639773120076e-49
142,893,3.7052532972539044e-49
143,929,4.426224121764895e-49
144,209,4.996222263044892e-49
145,543,5.022136978779579e-49
146,488,5.8247760266831005e-49
147,479,5.8791853414928245e-49
148,45,6.276683126430713e-49
149,672,6.313643744971842e-49
150,139,8.06942640201509e-49
151,792,9.249324129791446e-49
152,198,9.808751562223493e-49
153,75,1.1221231589293888e-48
154,599,1.1328484852909698e-48
155,689,1.1825762627452504e-48
156,14,1.41581502216069e-48
157,968,1.545473772711688e-48
158,811,1.7233108297246603e-48
159,65,3.8774996024923805e-48
160,476,4.551201859898154e-48
161,829,5.169138030837494e-48
162,491,6.027741576388566e-48
163,422,6.163587714138579e-48
164,114,6.457801434130146e-48
165,471,7.187918112628788e-48
166,437,7.761896807011467e-48
167,742,8.656308375409155e-48
168,419,9.082871754103905e-48
169,685,9.388850344224739e-48
170,798,1.0887840389057261e-47
171,510,1.4569175441068307e-47
172,588,1.6927438724960203e-47
173,379,1.7310620176452507e-47
174,148,2.0832127147202995e-47
175,48,2.556881010094538e-47
176,539,2.896836613785834e-47
177,674,3.387390995672833e-47
178,203,4.1796132092721597e-47
179,748,4.851421689473264e-47
180,188,4.94715356058187e-47
181,195,5.095803034157227e-47
182,353,5.411096317476054e-47
183,417,6.178404947541404e-47
184,71,6.31307212245267e-47
185,807,8.814486632614954e-47
186,223,1.0025256614679479e-46
187,485,1.1807339212062566e-46
188,35,1.829645804648018e-46
189,463,2.0192463188793776e-46
190,169,3.3584545061737795e-46
191,923,3.8427941670232145e-46
192,105,3.902994966968301e-46
193,469,4.14158311620315e-46
194,433,4.4185316890020976e-46
195,18,5.156564962302348e-46
196,991,6.809729254591606e-46
197,949,8.032057460108098e-46
198,876,8.03754732109121e-46
199,981,8.47097648472791e-46
200,316,8.882075622481515e-46
201,511,1.2334392276947524e-45
202,193,1.3980477436606582e-45
203,664,1.789306559987272e-45
204,20,1.851524045889181e-45
205,980,2.2018160600958795e-45
206,872,2.381722538128825e-45
207,19,3.3288108628267596e-45
208,26,3.768770842548992e-45
209,553,3.9794088714928644e-45
210,232,4.4112899700883395e-45
211,843,4.741050204982304e-45
212,745,4.828216637666916e-45
213,719,5.323333948359472e-45
214,585,5.3420904654927054e-45
215,482,6.140090769449862e-45
216,158,6.207578713628088e-45
217,252,8.038895497976707e-45
218,866,8.172855796084626e-45
219,787,1.377623693013373e-44
220,94,1.631977693024984e-44
221,560,1.8552611827960353e-44
222,690,1.9387143226274313e-44
223,238,2.211180465688199e-44
224,375,2.263890639941014e-44
225,49,2.670894981535155e-44
226,858,3.022211946895066e-44
227,954,3.0815033491545185e-44
228,607,3.2732108622090333e-44
229,950,3.478839589023441e-44
230,109,4.760515917665127e-44
231,412,6.137954364155417e-44
232,578,6.461919522641362e-44
233,444,7.512072586217449e-44
234,551,8.280993673857525e-44
235,429,1.0896563456133656e-43
236,820,1.3596171571382083e-43
237,80,1.368361994341825e-43
238,481,1.4624935390185496e-43
239,215,1.4776923646158313e-43
240,443,1.8673268739955683e-43
241,425,1.946074879462905e-43
242,309,1.9748949068226467e-43
243,58,2.0971533455100614e-43
244,400,2.1569138206667186e-43
245,459,3.0035512046249087e-43
246,777,3.097919954437797e-43
247,575,3.2310229735611897e-43
248,480,4.051867958465385e-43
249,598,4.1892090792517844e-43
250,667,6.689902060478451e-43
251,383,8.418823130786986e-43
252,377,8.795929240124346e-43
253,304,9.686868675501746e-43
254,906,1.0251126265842119e-42
255,418,1.058901547097464e-42
256,468,1.1440271970009773e-42
257,363,1.4066257523932584e-42
258,376,1.4240246840553216e-42
259,620,2.0269879975468654e-42
260,883,2.2606828702236972e-42
261,867,2.949003167224362e-42
262,733,3.1968774626430166e-42
263,793,3.358589368053526e-42
264,10,3.524572159376545e-42
265,225,3.535576749438864e-42
266,205,3.667091388661816e-42
267,150,3.8727242223919285e-42
268,850,4.1026907739799276e-42
269,274,6.623237793249219e-42
270,677,7.460250646795376e-42
271,614,1.0926988067933268e-41
272,520,1.1994778713290015e-41
273,290,1.2413223162899505e-41
274,902,1.2947623268183072e-41
275,964,1.2977005201329218e-41
276,965,1.4293914639932757e-41
277,159,1.5644537868962637e-41
278,452,1.7607440184129222e-41
279,474,1.8088468409767522e-41
280,157,1.926541562007595e-41
281,639,2.3549899955888237e-41
282,952,3.106884579627216e-41
283,763,3.318590037887378e-41
284,454,3.345964756580509e-41
285,258,3.6788531076599293e-41
286,504,4.295043641661379e-41
287,458,5.934702100281892e-41
288,651,6.582555773973198e-41
289,447,7.133450186397702e-41
290,809,7.621109121438415e-41
291,78,8.535869731978782e-41
292,216,8.663624998358488e-41
293,682,9.375609503689542e-41
294,267,1.0175342511238273e-40
295,767,1.0241625395675699e-40
296,88,1.0247066242991634e-40
297,434,1.2626897281741698e-40
298,497,1.2898596461870518e-40
299,764,1.7016533259428143e-40
300,85,1.819509142005308e-40
301,662,1.873876346589866e-40
302,302,1.894288706886607e-40
303,783,2.004943875227428e-40
304,388,2.168918806407881e-40
305,879,2.5189031214218675e-40
306,321,2.556614932087814e-40
307,222,2.6110271129235864e-40
308,63,2.835203763488615e-40
309,873,2.9087972450960362e-40
310,972,4.781403942540511e-40
311,808,5.144684731933369e-40
312,149,5.83758652478261e-40
313,955,6.7356879890067366e-40
314,826,6.753359534420568e-40
315,101,6.771043228080156e-40
316,4,6.908892485305414e-40
317,789,7.623337683699537e-40
318,261,8.300866621173943e-40
319,596,8.872683802647652e-40
320,953,9.167906174636017e-40
321,312,1.1460825421615882e-39
322,438,1.1717500501641523e-39
323,621,1.2023000597325724e-39
324,522,1.3110616560540795e-39
325,350,1.389650849797218e-39
326,259,1.539397329049071e-39
327,365,1.8194325321593354e-39
328,465,1.8763976869681726e-39
329,650,1.9024435852412075e-39
330,931,1.920617534292875e-39
331,586,2.075218968147967e-39
332,766,2.3452012438071463e-39
333,768,2.471034927584324e-39
334,573,2.9094847810311044e-39
335,987,4.298090411274484e-39
336,147,4.363305951271261e-39
337,76,4.569528139297679e-39
338,694,5.010673769104697e-39
339,284,5.1819366347945096e-39
340,62,6.026525199430871e-39
341,710,6.027050347866199e-39
342,275,6.365351139291273e-39
343,751,6.732302697270955e-39
344,411,8.57146186953603e-39
345,530,9.223373467991643e-39
346,528,1.088198079800304e-38
347,204,1.200165780044165e-38
348,978,1.2019866762710254e-38
349,897,1.6677623212438037e-38
350,724,1.6749806594903393e-38
351,477,1.7082962518270058e-38
352,736,1.771000054367432e-38
353,186,1.8118162449432442e-38
354,57,2.103000874430858e-38
355,546,2.2420911856891923e-38
356,168,3.050814536895523e-38
357,646,3.277070974649731e-38
358,391,3.6952296156660164e-38
359,242,3.7679796412591726e-38
360,237,3.8538952254376977e-38
361,936,3.8625425950977983e-38
362,61,4.1131314982408234e-38
363,831,5.277345660893246e-38
364,296,6.074836322733854e-38
365,184,6.103420922341038e-38
366,587,6.609475626127704e-38
367,249,7.475224138412407e-38
368,781,8.395955935305785e-38
369,880,8.468729986465314e-38
370,984,8.869266039881503e-38
371,903,9.799686158371843e-38
372,684,1.037367224783715e-37
373,996,1.0797975685896102e-37
374,324,1.114090715223063e-37
375,378,1.2881352953587915e-37
376,611,1.5734471760121524e-37
377,832,1.668158114918321e-37
378,192,1.6958687268223775e-37
379,107,1.711285942031972e-37
380,908,2.153531568739017e-37
381,552,2.5291180632030416e-37
382,635,2.7770610805737606e-37
383,432,3.170068172595162e-37
384,507,3.187058867055524e-37
385,593,3.307104240761423e-37
386,956,3.3564565920754492e-37
387,986,3.4263689537443714e-37
388,319,3.5075581043039217e-37
389,944,3.5426113974345054e-37
390,352,3.98054404267302e-37
391,928,4.524855105457532e-37
392,266,5.035738911265719e-37
393,636,5.109944543388006e-37
394,901,5.6164995101956415e-37
395,734,6.332944468371312e-37
396,854,6.370076287716353e-37
397,435,7.039846682116037e-37
398,187,7.230274916356855e-37
399,679,8.097587854325747e-37
400,565,9.704764077653543e-37
401,939,1.118945133846415e-36
402,561,1.2767195384077432e-36
403,874,1.2904671829252387e-36
404,731,1.35644094257972e-36
405,870,1.5252680028820024e-36
406,327,1.543746284172195e-36
407,297,2.002750054591807e-36
408,533,2.1964902537341647e-36
409,537,2.2492971043939805e-36
410,121,2.5383296270276557e-36
411,920,3.0162486200452244e-36
412,318,3.073013060990813e-36
413,160,3.1766574578564524e-36
414,512,3.316429725042293e-36
415,389,3.499165842932562e-36
416,743,4.1673113937181156e-36
417,7,4.4254587051019416e-36
418,44,4.5469100142061213e-36
419,591,4.97400221262268e-36
420,993,5.14752917678047e-36
421,722,5.7768811907632145e-36
422,493,5.959110991500495e-36
423,174,5.989657814610087e-36
424,862,6.037559599365472e-36
425,795,6.287815779756369e-36
426,549,6.382113438415031e-36
427,87,6.918640276129218e-36
428,404,9.402851453585982e-36
429,455,1.0317030197639898e-35
430,601,1.3056944029197547e-35
431,654,1.6123107979846663e-35
432,393,1.6450699399255107e-35
433,999,1.7000427965416495e-35
434,498,1.7689419689126433e-35
435,217,1.9506634280392398e-35
436,508,2.0954835780878845e-35
437,852,2.114992933150941e-35
438,103,2.1394356143596468e-35
439,155,2.1479469062094126e-35
440,514,2.4018973362510184e-35
441,663,3.026834015664452e-35
442,756,3.2315379114324156e-35
443,403,3.280037871921051e-35
444,409,3.3065672259418213e-35
445,830,3.328602696111695e-35
446,354,3.5080105718919855e-35
447,619,3.617833138876105e-35
448,390,3.71210014690065e-35
449,531,3.7395856212446655e-35
450,120,3.975996043983473e-35
451,21,4.03972979297288e-35
452,396,4.460663307355417e-35
453,154,4.943827871064016e-35
454,698,5.389495142853728e-35
455,246,5.84420037968136e-35
456,567,6.079461504213261e-35
457,592,6.607879304653997e-35
458,421,8.037339151837975e-35
459,799,8.370542219836365e-35
460,516,9.138023853885955e-35
461,779,1.027300953546669e-34
462,757,1.263335968582468e-34
463,963,1.4754102139630964e-34
464,453,1.759112177909537e-34
465,921,1.8017674955680756e-34
466,254,1.8300542225261101e-34
467,642,1.9137404781655322e-34
468,282,2.078030442396802e-34
469,111,2.3291599102002394e-34
470,288,2.880712751028461e-34
471,740,3.435325765693881e-34
472,424,3.488319783492073e-34
473,536,4.017201865879205e-34
474,837,4.070594587909696e-34
475,257,4.455124413756086e-34
476,692,4.540873302140277e-34
477,177,4.934678908278074e-34
478,637,5.373267994061142e-34
479,42,5.5114866520620235e-34
480,741,5.5271681136874995e-34
481,207,7.053407734932034e-34
482,251,7.700858316100791e-34
483,817,7.87673616777805e-34
484,997,8.01726850507443e-34
485,816,9.067123765202055e-34
486,263,9.544665194293701e-34
487,373,1.0335684424487598e-33
488,992,1.1084365328383651e-33
489,341,1.2355403985173989e-33
490,669,1.3146099408397905e-33
491,806,1.3828530316504821e-33
492,571,1.3971593962975851e-33
493,224,1.4078378490931913e-33
494,53,1.4226437980228886e-33
495,281,1.692067339489298e-33
496,597,1.7921186651523006e-33
497,668,1.8683751231577893e-33
498,557,1.9710297643498993e-33
499,484,1.9996136661850126e-33
500,884,2.1509326267071907e-33
501,166,2.2242049447327766e-33
502,638,2.5205898876936574e-33
503,659,2.8414281270516628e-33
504,782,3.381465386272214e-33
505,420,3.423048428740689e-33
506,73,3.48036154149588e-33
507,729,3.74462944850422e-33
508,29,4.4734740055426194e-33
509,702,4.6562951863635944e-33
510,328,5.822230870529159e-33
511,285,6.484605976095628e-33
512,68,6.902528299601157e-33
513,38,7.781955392079232e-33
514,118,8.658728045818928e-33
515,466,9.640952872781188e-33
516,505,9.723593380841585e-33
517,737,1.0362059749469347e-32
518,106,1.0883137410257739e-32
519,752,1.1076004730139099e-32
520,753,1.1548067664516777e-32
521,875,1.1549076801367431e-32
522,882,1.4129918977671388e-32
523,212,1.490252062928919e-32
524,456,1.536905940242581e-32
525,206,1.5980786313420456e-32
526,260,1.6133579108184728e-32
527,915,1.773369109869841e-32
528,41,2.2490166490706483e-32
529,436,2.776805119858641e-32
530,721,3.0269073072919975e-32
531,970,3.4130044474138225e-32
532,803,3.5409343793429766e-32
533,705,3.542624440186909e-32
534,70,3.605775350288717e-32
535,774,3.72374369057566e-32
536,840,3.9714125499217427e-32
537,678,5.480776483745973e-32
538,346,5.486763679853813e-32
539,239,5.530291070863237e-32
540,91,6.775229045543629e-32
541,618,7.101499101396917e-32
542,885,7.897149705181068e-32
543,472,9.588360268141843e-32
544,979,1.0650074410602272e-31
545,519,1.1260724858768997e-31
546,700,1.158732252160538e-31
547,77,1.1883018833966093e-31
548,368,1.1959351397429572e-31
549,911,1.2552797116293975e-31
550,641,1.4607005077698157e-31
551,84,1.7346658710759154e-31
552,746,1.77071505569097e-31
553,445,1.828582395531725e-31
554,716,2.0927970883343964e-31
555,162,2.1384583912195834e-31
556,233,2.3075957944507263e-31
557,726,2.3627510839494293e-31
558,683,3.057566186076731e-31
559,245,3.5048207603132585e-31
560,892,3.752837938622252e-31
561,2,4.202508002576478e-31
562,414,4.600070564553686e-31
563,666,4.708547313481913e-31
564,625,4.988914210900633e-31
565,55,5.285184743302303e-31
566,156,5.424455919752496e-31
567,124,5.785326750471649e-31
568,559,6.232367719360948e-31
569,523,6.777701632745422e-31
570,446,7.302161424045846e-31
571,60,7.316418315724644e-31
572,369,7.982910273757823e-31
573,145,7.988532470538275e-31
574,845,9.037213316964565e-31
575,640,9.30929177152517e-31
576,489,9.373033736993466e-31
577,99,1.0413848028987784e-30
578,554,1.171761489429634e-30
579,66,1.1760618826886889e-30
580,626,1.3241221309518955e-30
581,851,1.3415969541570216e-30
582,366,1.4942620984783564e-30
583,634,1.6946865843386925e-30
584,151,1.9234098906221218e-30
585,615,1.978056917788746e-30
586,483,2.7900038164817045e-30
587,699,3.116130524426553e-30
588,178,3.3183719177047866e-30
589,776,3.351921615866298e-30
590,397,3.482681311666909e-30
591,229,3.5097596165977654e-30
592,385,4.102759940614936e-30
593,394,4.333163714569026e-30
594,191,4.7229315624465265e-30
595,859,4.7348223974153544e-30
596,869,5.2884901505036675e-30
597,541,5.384360044676789e-30
598,957,5.762241799104462e-30
599,761,5.930030287889606e-30
600,603,6.061792118421377e-30
601,822,6.251129279396076e-30
602,40,7.168117874634191e-30
603,563,7.83560595642368e-30
604,398,8.017786869644921e-30
605,948,8.679010071586207e-30
606,125,8.861823595101217e-30
607,600,1.0812320401315147e-29
608,945,1.282625203326298e-29
609,855,1.388540657425159e-29
610,758,1.5251044488333308e-29
611,250,1.5778659586377972e-29
612,657,1.604658625564217e-29
613,140,2.2921038724546972e-29
614,1,2.3414937532035955e-29
615,11,2.7139019596008346e-29
616,351,2.9836524056174364e-29
617,762,3.013338843663936e-29
618,704,3.407262281280539e-29
619,697,4.3413002441988057e-29
620,427,4.4538378197605804e-29
621,550,4.7514991959304803e-29
622,861,4.7689908678571045e-29
623,211,4.8582798139718177e-29
624,450,5.049765570734264e-29
625,32,5.122067386073235e-29
626,322,5.786769066014445e-29
627,506,6.252177230178651e-29
628,562,7.267632497004359e-29
629,770,8.895812106355976e-29
630,754,1.0139053401243596e-28
631,199,1.0680738720700967e-28
632,196,1.2975015414298502e-28
633,515,1.4314230853185267e-28
634,227,1.4348429004683343e-28
635,934,1.4611584106176648e-28
636,386,1.4921691256791994e-28
637,594,1.5354722787633163e-28
638,244,1.566348167751956e-28
639,825,1.747192530554912e-28
640,135,2.118959807300326e-28
641,613,2.1768438457058006e-28
642,709,2.313682216499128e-28
643,612,2.5102388992489317e-28
644,374,3.2921546371104225e-28
645,974,3.8501200611303557e-28
646,863,4.481272024576664e-28
647,977,5.207225830854945e-28
648,310,5.296416220089724e-28
649,255,5.5494544014366435e-28
650,796,6.036927064712772e-28
651,534,6.1076993382277715e-28
652,382,6.2700128642065715e-28
653,279,6.799338153342975e-28
654,589,7.812376233491981e-28
655,616,8.622094607640085e-28
656,243,1.1303757107710044e-27
657,935,1.1855868048670306e-27
658,821,1.3129217773879379e-27
659,572,1.4754916609220806e-27
660,426,1.6389298289491516e-27
661,331,1.688092744614498e-27
662,173,1.900076770428542e-27
663,475,2.329687787037421e-27
664,696,2.6152285807245554e-27
665,656,3.278211299763325e-27
666,273,3.3981099394327074e-27
667,6,3.422043411707921e-27
668,623,3.622421467030254e-27
669,909,4.112784201683577e-27
670,714,5.2946049963065554e-27
671,305,6.218567288343016e-27
672,387,6.554488726806247e-27
673,176,7.163215002239135e-27
674,865,7.422280856258418e-27
675,487,7.935657797846062e-27
676,568,8.082815039879952e-27
677,645,1.026883441475419e-26
678,291,1.1551688290589305e-26
679,835,1.5365646409193873e-26
680,161,1.812992227229885e-26
681,707,2.004736883300175e-26
682,256,2.256192867096251e-26
683,604,3.131578894960843e-26
684,163,3.3504165127362574e-26
685,671,3.5293957795809933e-26
686,457,3.8127341273903073e-26
687,602,3.833994300498504e-26
688,959,4.0720131258180904e-26
689,643,4.3912657291596864e-26
690,313,4.5165747736611946e-26
691,924,4.727687333614985e-26
692,306,4.8295585245007315e-26
693,665,5.846213856725446e-26
694,841,5.847443427106382e-26
695,330,7.762799764985695e-26
696,326,7.869672919758336e-26
697,577,7.898298931358862e-26
698,540,1.070683096716654e-25
699,119,1.1675133123281595e-25
700,23,1.590644617707284e-25
701,133,1.7609012712388233e-25
702,82,2.2379418573871667e-25
703,839,2.364079919841514e-25
704,749,2.3695883232675006e-25
705,838,2.3904152234091167e-25
706,569,2.729602696585247e-25
707,8,2.852486837599734e-25
708,853,3.0696832792855418e-25
709,416,3.5414549136537747e-25
710,848,4.570383652905507e-25
711,723,4.785120743737251e-25
712,538,4.822417549764984e-25
713,566,4.935407780471335e-25
714,548,4.9471764190116175e-25
715,423,5.384636168720558e-25
716,857,6.104250245539159e-25
717,932,6.243335638725192e-25
718,976,6.438788703258033e-25
719,348,6.455180151968981e-25
720,300,6.583584087657001e-25
721,647,7.413697053189652e-25
722,214,7.987059826408811e-25
723,904,8.405795439258443e-25
724,547,8.406196314028327e-25
725,564,8.411425871324555e-25
726,771,9.074797741855933e-25
727,891,9.307184573113014e-25
728,701,1.0484048196583056e-24
729,628,1.213985026608463e-24
730,146,1.4257426070339725e-24
731,12,1.733451797456085e-24
732,362,1.879022779210383e-24
733,170,2.4144070969022092e-24
734,59,2.7336453803989205e-24
735,542,2.7728037660558037e-24
736,595,3.1861844291663158e-24
737,922,4.5546685580505016e-24
738,492,4.5825622013430354e-24
739,22,5.13955016778773e-24
740,182,5.171692339503779e-24
741,194,5.866501990732904e-24
742,900,6.472693277440502e-24
743,871,7.070412378364293e-24
744,449,9.262139527887501e-24
745,460,1.1186331727593368e-23
746,570,1.2456931486962863e-23
747,804,1.3156206830114907e-23
748,581,1.341838251231185e-23
749,430,1.354255913708549e-23
750,951,1.6253590290495017e-23
751,919,1.711411212098451e-23
752,886,1.7159937774271375e-23
753,627,1.8176796747364907e-23
754,846,1.8911786476331352e-23
755,985,2.3882158187605443e-23
756,289,3.137243695870393e-23
757,681,3.3381211730318797e-23
758,95,3.4774715693059566e-23
759,415,3.681282747972995e-23
760,529,3.7376530816376336e-23
761,97,3.8630416912639555e-23
762,629,4.635003390451448e-23
763,17,5.0760858578398173e-23
764,889,5.481207541250224e-23
765,500,5.951402479888148e-23
766,27,6.196594778276821e-23
767,98,8.195288579821385e-23
768,231,8.497483683657123e-23
769,715,1.180626617743076e-22
770,338,1.1861617098499497e-22
771,653,1.1873823658327801e-22
772,293,1.211729143377557e-22
773,910,1.5584221669534555e-22
774,37,1.6001565769035367e-22
775,995,1.645629751673848e-22
776,989,1.7408523858315242e-22
777,644,1.7759287356495466e-22
778,402,1.929424673354939e-22
779,590,1.9561019031346177e-22
780,982,2.1029317045597132e-22
781,240,3.1496622154835866e-22
782,990,3.2326674930235754e-22
783,975,4.710320637210253e-22
784,462,4.727823089813934e-22
785,887,4.9671436920537455e-22
786,172,5.789253459932344e-22
787,496,6.370229276185184e-22
788,527,8.073852720853763e-22
789,849,8.586865009922038e-22
790,1000,9.127530310400161e-22
791,408,1.1333877917527133e-21
792,739,1.4417829824733363e-21
793,332,1.85582392408131e-21
794,86,2.0899379890671547e-21
795,713,2.2949025205399666e-21
796,961,2.3461493445996416e-21
797,918,2.5852118520159483e-21
798,772,2.6835398666293983e-21
799,503,2.8320207549420733e-21
800,278,2.8934410982324034e-21
801,633,3.0393422817068268e-21
802,544,3.1721135188406013e-21
803,298,3.411066372290803e-21
804,814,3.9998752038392326e-21
805,655,4.363173207439227e-21
806,535,4.9426822135151715e-21
807,847,5.365981721283323e-21
808,823,6.1791434924961614e-21
809,532,6.577569244651729e-21
810,967,7.23272909913046e-21
811,676,9.668869335831648e-21
812,805,1.5215158874494286e-20
813,143,1.639212883641797e-20
814,501,1.8003499390702435e-20
815,927,1.82854115658677e-20
816,280,2.2132465107163095e-20
817,28,2.2601052956656742e-20
818,584,2.2743826683839804e-20
819,31,2.761568655182222e-20
820,185,2.987551324726975e-20
821,428,3.574093879710806e-20
822,502,3.754157556205868e-20
823,440,4.6940743756819664e-20
824,92,4.8802258784466715e-20
825,610,5.360693291251909e-20
826,836,5.514239990612349e-20
827,868,5.776005485367743e-20
828,800,7.983400158254391e-20
829,545,1.060530505152978e-19
830,413,1.1437105109675895e-19
831,241,1.3271618961942769e-19
832,778,1.3954843166222068e-19
833,813,1.4189833036536551e-19
834,728,1.4674108123079462e-19
835,860,1.489937257668539e-19
836,104,2.477008368320154e-19
837,693,2.9662439433553826e-19
838,299,3.2312796189244376e-19
839,441,3.289674937668206e-19
840,947,3.467576049236964e-19
841,914,3.5519119002068327e-19
842,226,3.663223959575307e-19
843,126,4.0414282418901033e-19
844,844,4.604147463809686e-19
845,183,4.698424113615615e-19
846,962,4.887336063394009e-19
847,878,5.084757005501194e-19
848,899,5.11399407700207e-19
849,473,6.290482056109816e-19
850,917,6.640186985789365e-19
851,132,9.141783325333265e-19
852,933,1.1151501050449693e-18
853,695,1.1308606801007213e-18
854,605,1.3346167771595374e-18
855,969,1.5149117375721892e-18
856,673,1.5361527274035704e-18
857,248,1.5610397748071795e-18
858,622,1.8467914854830654e-18
859,399,2.0380493194116874e-18
860,220,2.106499868995789e-18
861,122,2.2935403156040365e-18
862,583,2.3240120662210847e-18
863,617,2.3419401490237178e-18
864,925,2.4636184795660577e-18
865,943,2.8183541799914677e-18
866,946,3.3703618358666902e-18
867,407,3.4118155839781695e-18
868,941,4.071949385503774e-18
869,926,5.8124190865843645e-18
870,556,7.48153913403624e-18
871,343,8.766516617999293e-18
872,100,8.829470118009642e-18
873,856,8.8649958506342e-18
874,833,9.231501567801913e-18
875,253,9.656627558659237e-18
876,834,1.199426237662124e-17
877,371,1.243217402745212e-17
878,33,1.3447398323788508e-17
879,652,1.3844069838337386e-17
880,367,1.3873421612975323e-17
881,131,1.4010026041649974e-17
882,490,1.4427923901858808e-17
883,773,2.0269435518849712e-17
884,36,2.3583424639231018e-17
885,703,2.993240625339396e-17
886,688,3.661117706856258e-17
887,994,5.286129260960047e-17
888,286,5.989328426905843e-17
889,794,6.515141675080757e-17
890,270,6.737167187448697e-17
891,630,6.941108130330674e-17
892,812,6.977620221348846e-17
893,670,6.984938756723747e-17
894,691,7.934168826831695e-17
895,52,1.4304165148291636e-16
896,43,1.4858651383380526e-16
897,262,1.7619996132831593e-16
898,392,2.1148225192313198e-16
899,164,2.819727062012926e-16
900,171,3.0617465826690883e-16
901,797,3.119102733588568e-16
902,738,3.1323251106943043e-16
903,632,3.44705207323724e-16
904,973,4.747814194993775e-16
905,271,4.816566518770437e-16
906,574,5.2550224820112e-16
907,69,5.300951766926476e-16
908,83,5.616186862403543e-16
909,898,5.750707202048381e-16
910,295,7.276501262012146e-16
911,442,7.440561240856716e-16
912,339,8.003089753445996e-16
913,344,8.844257331498776e-16
914,320,9.03621583187402e-16
915,355,9.462484180358405e-16
916,334,9.752895101842566e-16
917,942,1.0179848309919363e-15
918,46,1.038290628061055e-15
919,661,1.5550686325213981e-15
920,64,1.7758655144950705e-15
921,824,1.7890726243557093e-15
922,717,2.0837064796826605e-15
923,988,2.1288139758437207e-15
924,582,2.2254861780354903e-15
925,34,2.245970673202379e-15
926,372,2.581778599760885e-15
927,526,2.81266207569324e-15
928,680,3.2997099509940284e-15
929,96,3.631326931058767e-15
930,39,3.6885178906056714e-15
931,998,4.2057761922367506e-15
932,113,4.618021192379272e-15
933,54,4.993350538392716e-15
934,345,7.0844000705291e-15
935,74,8.045158454898681e-15
936,180,1.0980168327340826e-14
937,958,1.2529243808275607e-14
938,81,1.2837868797056057e-14
939,201,1.76535097327915e-14
940,349,2.2710094516826117e-14
941,730,2.4135473492333212e-14
942,785,2.7678514396470006e-14
943,137,2.8368163950121422e-14
944,905,3.154257384925802e-14
945,325,3.7374791622321e-14
946,938,5.2565334914098144e-14
947,144,5.68604249215949e-14
948,649,6.837693444160154e-14
949,329,7.693392801832205e-14
950,108,7.810640422252713e-14
951,13,8.220752109372554e-14
952,555,8.269171727009774e-14
953,687,1.1391306856341516e-13
954,287,1.1971670452589465e-13
955,842,1.300953010975893e-13
956,631,1.6670434641591281e-13
957,648,1.8152360517504942e-13
958,190,1.9187024444258103e-13
959,102,2.1756654622779438e-13
960,877,2.3744542671168725e-13
961,228,2.723122197826689e-13
962,89,2.761639916614616e-13
963,486,2.8678267448965697e-13
964,269,2.9426659951280796e-13
965,15,2.983497743612876e-13
966,580,4.3545480672192514e-13
967,725,4.834799408772353e-13
968,828,5.20238352132726e-13
969,90,5.397188467639354e-13
970,236,5.681046965338131e-13
971,439,8.230349511100114e-13
972,608,8.812576442050775e-13
973,790,9.170837843830287e-13
974,25,1.101854068110858e-12
975,744,1.145447762545597e-12
976,197,1.2497025456739107e-12
977,524,1.3585435186045479e-12
978,264,1.6484894984870124e-12
979,380,1.7263913830969463e-12
980,410,1.859458748274914e-12
981,361,1.945282976250905e-12
982,888,1.96380661035915e-12
983,464,2.2662123391847876e-12
984,235,3.0746864235651894e-12
985,268,7.672398671643699e-12
986,864,8.700239706618641e-12
987,5,8.915657751446685e-12
988,760,1.4478453762564989e-11
989,735,2.288488084390861e-11
990,138,2.446638938896348e-11
991,129,7.382014945726027e-11
992,971,8.652286839950509e-11
993,461,1.1243327044264985e-10
994,359,1.2693180929741928e-10
995,202,1.4702787417467993e-10
996,791,4.2049013385823965e-10
997,340,5.66363266333949e-10
998,521,6.650473173134794e-10
999,660,7.348722744048436e-10
