student.label,game.score,percent.training.sessions.attended,overall.fitness.score,X..extra.strategy.sessions.attended,hours.of.sleep.the.night.before.game,X..meals.on.day.prior.to.game,west coast,evening,morning,noon,early bird,night owl,baseball,basketball,curling,football,frisbee,gymnastics,martial arts,table tennis,frosh,junior,senior,sophomore
1,37.429,0.801,0.329,6.7,5.6,4,0,0,0,0,0,1,0,0,1,0,0,0,0,0,0,0,0,1
2,32.583,0.93,0.11,5.5,6.2,3,0,0,0,0,0,1,0,0,1,0,0,0,0,0,0,0,1,0
3,23.523,0.436,0.052,2.7,4.2,5,0,0,0,0,0,1,0,0,0,0,0,1,0,0,0,0,0,1
4,24.76,0.258,0.827,2.3,8.4,6,0,0,0,0,0,1,1,0,0,0,0,0,0,0,0,0,0,1
5,67.18,0.932,0.887,8.9,2,4,0,0,0,0,0,1,0,0,0,0,0,0,1,0,0,1,0,0
6,40.17,0.823,0.34,5.3,5.9,6,0,0,0,0,0,1,0,0,0,0,0,0,1,0,0,0,0,1
7,27.59,0.836,0.009,7.2,1.5,3,0,0,0,0,0,1,0,0,0,0,0,1,0,0,0,0,0,1
8,42.081,0.325,0.652,6.9,10.6,1,0,0,0,0,0,1,0,0,0,0,1,0,0,0,0,1,0,0
9,14.357,0.109,0.198,2.6,7.9,4,0,0,0,0,0,1,0,0,0,0,0,0,0,1,0,1,0,0
10,26.6,0.052,0.325,6.7,4.2,3,0,0,0,0,0,1,0,1,0,0,0,0,0,0,1,0,0,0
11,37.373,0.101,0.67,7.9,11.1,2,0,0,0,0,0,1,0,0,0,0,0,0,1,0,0,0,1,0
12,55.849,0.94,0.89,2,3,5,0,0,0,0,1,0,0,0,1,0,0,0,0,0,0,0,0,1
13,64.03,0.856,0.721,7.9,9.6,3,0,0,0,0,0,1,0,1,0,0,0,0,0,0,1,0,0,0
14,22.115,0.366,0.093,5.7,4.2,4,0,0,0,0,0,1,0,0,0,0,0,1,0,0,0,1,0,0
15,68.994,0.973,0.852,9.4,10,5,0,0,0,0,0,1,0,0,0,0,0,0,0,1,1,0,0,0
16,18.885,0.039,0.077,3.6,2.8,3,0,0,0,0,0,1,0,0,0,1,0,0,0,0,1,0,0,0
17,48.44,0.725,0.876,7.5,1.1,5,0,0,0,0,1,0,0,0,1,0,0,0,0,0,0,0,0,1
18,19.665,0.109,0.79,1.6,0.8,4,0,0,0,0,0,1,0,0,0,0,0,0,0,1,0,1,0,0
19,34.07,0.099,0.063,6.8,7.2,2,0,0,0,0,0,1,0,0,0,0,0,0,1,0,0,1,0,0
20,27.976,0.365,0.129,1.1,8.6,3,0,0,0,0,0,1,0,0,0,0,0,0,1,0,0,0,0,1
21,36.697,0.048,0.838,6.4,8.7,2,0,0,0,0,0,1,0,0,1,0,0,0,0,0,0,0,0,1
22,45.476,0.872,0.45,9.1,11.6,6,0,0,0,0,1,0,1,0,0,0,0,0,0,0,1,0,0,0
23,52.929,0.629,0.879,0.9,1.5,2,0,0,0,0,0,1,0,0,0,0,0,0,1,0,0,1,0,0
24,21.732,0.35,0.19,4.8,1.5,5,0,0,0,0,0,1,0,0,0,0,0,1,0,0,0,1,0,0
25,69.571,0.974,0.913,8.6,11.1,5,0,0,0,0,0,1,0,0,0,1,0,0,0,0,0,1,0,0
26,19.914,0.403,0.252,0.6,0.3,3,0,0,0,0,0,1,0,0,0,0,0,0,1,0,0,0,0,1
27,47.847,0.87,0.171,9.3,0.5,2,0,0,0,0,0,1,0,0,0,0,0,0,1,0,0,1,0,0
28,51.04,0.918,0.599,7.7,10.7,4,0,0,0,0,1,0,0,0,0,0,0,0,0,1,0,0,1,0
29,34.447,0.726,0.248,5.5,10.4,3,0,0,0,0,0,1,1,0,0,0,0,0,0,0,0,1,0,0
30,24.201,0.019,0.046,5.2,10.4,2,0,0,0,0,0,1,0,0,0,1,0,0,0,0,0,1,0,0
31,52.311,0.897,0.668,5.9,10.6,4,0,0,0,0,0,1,0,0,1,0,0,0,0,0,0,0,1,0
32,42.556,0.932,0.093,7.7,8.5,5,0,0,0,0,0,1,0,0,0,1,0,0,0,0,0,0,0,1
33,65.05,0.812,0.89,7.8,7,5,0,0,0,0,0,1,0,0,0,1,0,0,0,0,0,1,0,0
34,61.832,0.991,0.832,7.7,1.1,3,0,0,0,0,0,1,0,0,0,1,0,0,0,0,0,1,0,0
35,23.512,0.056,0.648,0.5,0.2,4,0,0,0,0,0,1,0,0,0,0,0,0,1,0,1,0,0,0
36,62.833,0.971,0.949,5.1,11.4,5,0,0,0,0,1,0,0,0,0,0,0,0,0,1,0,1,0,0
37,48.295,0.976,0.378,6.5,8.1,3,0,0,0,0,0,1,0,0,0,1,0,0,0,0,0,0,1,0
38,37.884,0.181,0.735,7.6,3.4,5,0,0,0,0,1,0,0,0,0,0,0,0,1,0,1,0,0,0
39,60.81,0.826,0.603,8,10.6,2,0,0,0,0,0,1,0,0,0,0,0,0,1,0,0,0,1,0
40,45.357,0.618,0.684,0.7,5.9,4,0,0,0,0,0,1,0,0,0,0,0,0,1,0,0,0,0,1
41,35.635,0.951,0.173,2.5,7.5,6,0,0,0,0,1,0,0,0,0,0,0,0,1,0,0,0,0,1
42,34.868,0.452,0.778,4.1,3.4,5,0,0,0,0,0,1,0,0,1,0,0,0,0,0,0,1,0,0
43,60.116,0.903,0.682,6.7,5.3,4,0,0,0,0,0,1,0,1,0,0,0,0,0,0,0,1,0,0
44,23.7,0.434,0.451,3.8,2.5,5,0,0,0,0,0,1,0,0,0,0,1,0,0,0,1,0,0,0
45,16.179,0.035,0.189,3,9.7,3,0,0,0,0,0,1,0,0,0,0,1,0,0,0,1,0,0,0
46,61.31,0.836,0.83,7.9,9.7,3,0,0,0,0,0,1,0,0,0,1,0,0,0,0,0,0,1,0
47,10.003,0.098,0.092,2.3,9.6,6,0,0,0,0,0,1,0,0,0,0,0,1,0,0,0,1,0,0
48,19.383,0.067,0.425,7,1.2,3,0,0,0,0,1,0,0,0,0,0,0,0,0,1,1,0,0,0
49,22.298,0.54,0.235,0.4,11.7,3,0,0,0,0,0,1,1,0,0,0,0,0,0,0,0,0,1,0
50,23.641,0.085,0.152,1.8,2.9,5,0,0,0,0,0,1,1,0,0,0,0,0,0,0,1,0,0,0
51,18.313,0.047,0.023,3.3,5.1,2,0,0,0,0,0,1,0,0,1,0,0,0,0,0,1,0,0,0
52,56.794,0.891,0.862,4.9,1.4,4,0,0,0,0,0,1,0,0,0,0,1,0,0,0,0,1,0,0
53,34.434,0.35,0.673,5.6,10.1,4,0,0,0,0,0,1,0,0,0,0,0,0,0,1,1,0,0,0
54,63.822,0.96,0.767,9.5,8.1,5,0,0,0,0,0,1,0,0,0,0,0,0,0,1,0,0,0,1
55,34.357,0.251,0.738,6,6.1,5,0,0,0,0,0,1,0,0,0,0,0,0,1,0,0,0,0,1
56,15.204,0.37,0.096,1.9,0.9,6,0,0,0,0,0,1,0,0,0,1,0,0,0,0,0,0,0,1
57,27.162,0.422,0.804,1.9,0.6,6,0,0,0,0,0,1,0,0,0,1,0,0,0,0,0,1,0,0
58,28.113,0.464,0.037,5.9,5.6,3,0,0,0,0,0,1,0,0,0,1,0,0,0,0,1,0,0,0
59,45.545,0.758,0.694,6.2,2.6,3,0,0,0,0,0,1,1,0,0,0,0,0,0,0,0,0,1,0
60,32.382,0.226,0.885,4.3,0.2,3,0,0,0,0,0,1,0,0,0,0,0,0,1,0,0,0,1,0
61,32.827,0.163,0.556,4.3,7.6,3,0,0,0,0,1,0,0,0,0,0,1,0,0,0,0,0,1,0
62,33.665,0.18,0.422,5.7,5.1,2,0,0,0,0,1,0,0,1,0,0,0,0,0,0,0,0,0,1
63,27.22,0.06,0.557,7.3,9.5,3,0,0,0,0,0,1,0,0,1,0,0,0,0,0,0,1,0,0
64,58.426,0.725,0.648,9.1,11,2,0,0,0,0,0,1,0,0,0,0,0,0,1,0,0,1,0,0
65,20.713,0.508,0.186,1.4,1.4,4,0,0,0,0,0,1,0,0,0,1,0,0,0,0,0,1,0,0
66,46.106,0.446,0.432,8.8,6.7,1,0,0,0,0,0,1,0,0,0,0,0,0,0,1,0,1,0,0
67,29.915,0.084,0.693,1.1,1.1,6,0,0,0,0,0,1,0,0,0,1,0,0,0,0,1,0,0,0
68,28.113,0.961,0.077,5,10.4,4,0,0,0,0,0,1,0,0,0,0,0,1,0,0,0,0,0,1
69,61.071,0.862,0.872,8.2,9.2,5,0,0,0,0,0,1,0,0,0,1,0,0,0,0,0,1,0,0
70,30.19,0.942,0.185,5.8,0.4,3,0,0,0,0,0,1,0,0,0,0,0,1,0,0,0,0,0,1
71,26.835,0.078,0.117,9.2,2.3,1,0,0,0,0,0,1,0,0,1,0,0,0,0,0,0,1,0,0
72,18.211,0.162,0.15,6.2,2,3,0,0,0,0,1,0,0,0,1,0,0,0,0,0,0,1,0,0
73,29.852,0.295,0.794,6.7,2.5,4,0,0,0,0,0,1,0,0,0,0,0,0,0,1,0,0,0,1
74,62.584,0.939,0.779,9.9,11,5,0,0,0,0,1,0,0,0,0,1,0,0,0,0,0,0,0,1
75,12.975,0.38,0.276,2.6,0,5,0,0,0,0,0,1,0,0,0,1,0,0,0,0,0,0,0,1
76,20.677,0.765,0.042,5.8,1.7,4,0,0,0,0,0,1,1,0,0,0,0,0,0,0,0,0,0,1
77,35.922,0.829,0.04,7.4,7.6,2,0,0,0,0,0,1,1,0,0,0,0,0,0,0,0,0,1,0
78,24.506,0.826,0.082,3.9,1.8,6,0,0,0,0,0,1,0,0,1,0,0,0,0,0,0,1,0,0
79,18.375,0.304,0.062,2.2,4.7,3,0,0,0,0,0,1,0,0,0,1,0,0,0,0,0,1,0,0
80,23.724,0.497,0.12,5.2,7.1,5,0,0,0,0,0,1,0,0,1,0,0,0,0,0,1,0,0,0
81,62.286,0.921,0.831,9.5,1.9,3,0,0,0,0,0,1,0,0,1,0,0,0,0,0,0,0,1,0
82,45.462,0.908,0.356,3.8,6,4,0,0,0,0,0,1,0,0,0,0,0,0,1,0,0,0,0,1
83,63.179,0.867,0.894,5.9,5,6,0,0,0,0,0,1,0,0,0,0,0,0,1,0,0,0,0,1
84,35.555,0.846,0.232,2.4,4.8,4,0,0,0,0,0,1,0,0,0,0,0,0,1,0,0,0,0,1
85,30.594,0.356,0.149,8.6,9.3,4,0,0,0,0,0,1,0,0,1,0,0,0,0,0,0,1,0,0
86,50.122,0.831,0.164,9.3,11.8,3,0,0,0,0,0,1,0,0,0,0,0,0,1,0,0,0,0,1
87,33.688,0.712,0.172,5.5,8.2,4,0,0,0,0,0,1,1,0,0,0,0,0,0,0,0,0,1,0
88,34.35,0.465,0.417,2.5,3.4,3,0,0,0,0,0,1,0,0,0,1,0,0,0,0,0,0,1,0
89,70.892,0.763,0.897,8.2,6.4,3,0,0,0,0,0,1,0,1,0,0,0,0,0,0,0,0,0,1
90,62.952,0.884,0.605,9,9.9,2,0,0,0,0,0,1,0,0,0,0,1,0,0,0,0,0,1,0
91,36.225,0.88,0.312,5,7.8,6,0,0,0,0,0,1,1,0,0,0,0,0,0,0,0,1,0,0
92,55.352,0.699,0.911,3.1,9.5,3,0,0,0,0,1,0,0,1,0,0,0,0,0,0,0,0,1,0
93,28.983,0.362,0.074,1,1.3,6,0,0,0,0,0,1,0,0,1,0,0,0,0,0,1,0,0,0
94,25.389,0.471,0.139,6.2,2.2,6,0,0,0,0,0,1,0,0,0,1,0,0,0,0,0,1,0,0
95,47.29,0.936,0.602,3.6,10.8,3,0,0,0,0,0,1,0,0,1,0,0,0,0,0,0,1,0,0
96,64.592,0.909,0.738,6.7,4.1,3,0,0,0,0,0,1,0,0,0,0,0,0,1,0,0,0,0,1
97,44.506,0.95,0.244,7.2,2.3,4,0,0,0,0,0,1,0,0,0,0,0,0,1,0,1,0,0,0
98,51.034,0.859,0.787,3.9,10.5,4,0,0,0,0,1,0,0,0,1,0,0,0,0,0,0,0,1,0
99,41.318,0.237,0.555,9.3,11,1,0,0,0,0,0,1,0,0,0,0,0,0,0,1,0,0,1,0
100,63.276,0.879,0.823,8.6,7,5,0,0,0,0,0,1,0,0,0,0,0,1,0,0,0,0,0,1
101,28.945,0.356,0.221,8.4,7.8,4,0,0,0,0,0,1,1,0,0,0,0,0,0,0,1,0,0,0
102,66.051,0.938,0.728,7.8,5.7,3,0,0,0,0,0,1,0,0,0,0,0,0,1,0,0,0,0,1
103,29.51,0.233,0.793,6.8,5.5,4,0,0,0,0,1,0,0,0,1,0,0,0,0,0,0,1,0,0
104,50.239,0.742,0.692,8.6,7.9,2,0,0,0,0,0,1,0,0,0,0,0,0,0,1,0,0,1,0
105,27.098,0.7,0.151,0.3,6.1,5,0,0,0,0,0,1,1,0,0,0,0,0,0,0,0,1,0,0
106,31.78,0.728,0.412,1.2,0.4,3,0,0,0,0,0,1,0,0,0,0,1,0,0,0,0,1,0,0
107,22.704,0.152,0.786,3.8,10,3,0,0,0,0,0,1,0,0,0,1,0,0,0,0,0,1,0,0
108,66.656,0.676,0.955,8.6,7.8,4,0,0,0,0,0,1,0,0,0,0,1,0,0,0,0,1,0,0
109,15.77,0.038,0.688,5.4,5.1,5,0,0,0,0,0,1,1,0,0,0,0,0,0,0,0,0,0,1
110,11.03,0.229,0.071,6.4,0.7,3,0,0,0,0,0,1,1,0,0,0,0,0,0,0,0,0,0,1
111,32.032,0.253,0.746,5.5,8.3,3,0,0,0,0,0,1,0,0,0,0,0,0,0,1,0,0,0,1
112,21.284,0.059,0.364,3.3,7,2,0,0,0,0,0,1,0,0,0,0,0,0,0,1,0,0,0,1
113,67.603,0.963,0.839,9.8,5.3,5,0,0,0,0,0,1,0,0,0,0,0,1,0,0,0,0,0,1
114,26.179,0.094,0.219,3.4,5.8,3,0,0,0,0,0,1,0,0,0,0,0,0,1,0,0,0,0,1
115,19.662,0.516,0.075,1.8,2.9,3,0,0,0,0,1,0,1,0,0,0,0,0,0,0,0,1,0,0
116,22.824,0.128,0.117,2.8,2.1,2,0,0,0,0,0,1,0,0,0,1,0,0,0,0,0,1,0,0
117,23.441,0.023,0.075,4.8,2.3,3,0,0,0,0,0,1,0,0,0,0,0,0,1,0,1,0,0,0
118,40.613,0.031,0.932,2.8,10.2,2,0,0,0,0,0,1,0,1,0,0,0,0,0,0,0,0,1,0
119,41.922,0.838,0.586,7.1,1.5,5,0,0,0,0,0,1,1,0,0,0,0,0,0,0,0,1,0,0
120,41.125,0.536,0.842,0.4,2.6,4,0,0,0,0,0,1,0,0,0,0,0,0,0,1,0,0,0,1
121,26.189,0.08,0.922,5,8.2,3,0,0,0,0,1,0,0,0,0,1,0,0,0,0,0,0,1,0
122,65.113,0.903,0.937,1.7,2.7,4,0,0,0,0,0,1,0,0,0,0,1,0,0,0,0,1,0,0
123,24.241,0.053,0.344,0.2,2,5,0,0,0,0,0,1,0,1,0,0,0,0,0,0,1,0,0,0
124,40.774,0.72,0.354,8.5,3.6,5,0,0,0,0,0,1,0,0,0,0,0,1,0,0,1,0,0,0
125,45.216,0.954,0.545,1.1,9.1,6,0,0,0,0,0,1,0,0,0,0,0,0,0,1,0,0,0,1
126,56.311,0.733,0.782,5.2,9.4,3,0,0,0,0,1,0,0,1,0,0,0,0,0,0,0,0,1,0
127,24.934,0.059,0.064,5,6.1,3,0,0,0,0,0,1,0,0,0,0,0,0,1,0,0,0,0,1
128,19.6,0.211,0.059,3,2.1,3,0,0,0,0,0,1,0,0,1,0,0,0,0,0,0,1,0,0
129,79.318,0.948,0.949,9.5,9.5,8,0,0,0,0,0,1,0,0,0,0,0,0,1,0,0,1,0,0
130,31.64,0.044,0.348,0.1,0.8,6,0,0,0,0,0,1,0,0,1,0,0,0,0,0,1,0,0,0
131,57.656,0.764,0.829,4.7,8.9,3,0,0,0,0,0,1,0,1,0,0,0,0,0,0,0,1,0,0
132,54.286,0.517,0.838,7.8,5.4,2,0,0,0,0,0,1,0,0,0,0,1,0,0,0,0,1,0,0
133,47.109,0.355,0.982,3.2,8.3,4,0,0,0,0,0,1,0,0,0,0,1,0,0,0,0,0,1,0
134,15.695,0.113,0.084,2.2,6.9,3,0,0,0,0,0,1,0,0,0,1,0,0,0,0,0,0,0,1
135,38.323,0.892,0.109,8.5,10,4,0,0,0,0,0,1,1,0,0,0,0,0,0,0,0,0,0,1
136,19.827,0.102,0.158,0.3,6.1,7,0,0,0,0,0,1,0,0,0,0,0,0,1,0,0,0,0,1
137,68.32,0.954,0.916,8.3,10.5,4,0,0,0,0,1,0,1,0,0,0,0,0,0,0,0,0,1,0
138,74.824,0.954,0.877,8.6,4.7,4,0,0,0,0,0,1,0,0,0,0,0,0,1,0,0,1,0,0
139,20.758,0.379,0.027,5.1,8.7,5,0,0,0,0,0,1,1,0,0,0,0,0,0,0,0,0,0,1
140,37.922,0.941,0.075,8.5,10.2,6,0,0,0,0,0,1,1,0,0,0,0,0,0,0,1,0,0,0
141,15.426,0.068,0.548,0.9,4.9,3,0,0,0,0,0,1,0,0,0,1,0,0,0,0,0,1,0,0
142,27.357,0.142,0.011,4.2,5.1,2,0,0,0,0,1,0,0,0,0,0,0,0,1,0,1,0,0,0
143,54.469,0.887,0.665,8.7,2.6,3,0,0,0,0,1,0,1,0,0,0,0,0,0,0,1,0,0,0
144,65.433,0.933,0.897,7.5,9.5,3,0,0,0,0,0,1,0,0,0,0,0,0,0,1,0,0,1,0
145,41.065,0.405,0.818,4,10.3,3,0,0,0,0,0,1,1,0,0,0,0,0,0,0,0,0,1,0
146,44.874,0.193,0.927,6.8,6.3,2,0,0,0,0,0,1,0,0,0,0,1,0,0,0,0,0,1,0
147,30.279,0.14,0.836,2.7,8,3,0,0,0,0,0,1,0,0,0,0,0,0,0,1,0,0,1,0
148,18.646,0.069,0.6,2.3,3.3,3,0,0,0,0,0,1,0,0,0,1,0,0,0,0,0,0,0,1
149,23.503,0.405,0.606,2.3,1.8,3,0,0,0,0,0,1,0,0,0,0,0,0,0,1,1,0,0,0
150,28.896,0.053,0.855,2.9,11.3,3,0,0,0,0,1,0,1,0,0,0,0,0,0,0,0,1,0,0
151,36.488,0.784,0.32,6.1,11,5,0,0,0,0,0,1,0,0,0,0,0,0,0,1,0,1,0,0
152,26.417,0.39,0.268,3.4,0.6,5,0,0,0,0,0,1,0,0,0,0,0,1,0,0,0,0,0,1
153,23.498,0.164,0.164,5.5,2,3,0,0,0,0,1,0,1,0,0,0,0,0,0,0,0,1,0,0
154,33.32,0.798,0.124,6.5,1.6,4,0,0,0,0,0,1,0,0,1,0,0,0,0,0,0,0,0,1
155,35.283,0.7,0.08,7.5,10,3,0,0,0,0,1,0,0,0,0,0,0,0,0,1,0,0,0,1
156,42.272,0.86,0.009,8.4,9.3,3,0,0,0,0,0,1,1,0,0,0,0,0,0,0,0,1,0,0
157,33.504,0.167,0.852,3.2,10.2,5,0,0,0,0,1,0,0,0,0,0,0,1,0,0,0,0,0,1
158,27.98,0.271,0.149,4.3,1.5,3,0,0,0,0,0,1,0,0,0,0,0,0,1,0,0,0,0,1
159,29.777,0.143,0.778,4.8,5,6,0,0,0,0,0,1,1,0,0,0,0,0,0,0,0,1,0,0
160,34.587,0.391,0.563,6,3.1,4,0,0,0,0,0,1,0,0,1,0,0,0,0,0,0,0,0,1
161,39.289,0.166,0.837,7.3,5.5,2,0,0,0,0,0,1,0,0,0,0,1,0,0,0,0,0,1,0
162,43.578,0.658,0.091,9.4,9.5,3,0,0,0,0,0,1,0,0,0,1,0,0,0,0,0,0,0,1
163,43.094,0.498,0.909,3,0.6,4,0,0,0,0,0,1,0,0,0,0,1,0,0,0,1,0,0,0
164,61.749,0.815,0.869,8,9,3,0,0,0,0,0,1,0,0,0,0,0,0,0,1,0,0,0,1
165,16.53,0.248,0.071,3.6,1.4,5,0,0,0,0,0,1,0,0,1,0,0,0,0,0,1,0,0,0
166,33.747,0.129,0.827,7.5,9.9,3,0,0,0,0,0,1,0,0,0,0,0,1,0,0,0,0,1,0
167,19.803,0.249,0.276,2.7,5.1,3,0,0,0,0,0,1,0,0,0,0,0,0,0,1,1,0,0,0
168,34.711,0.465,0.469,1.5,2.2,2,0,0,0,0,1,0,0,0,0,0,0,0,1,0,0,1,0,0
169,26.298,0.651,0.038,3,5.8,3,0,0,0,0,1,0,0,0,0,0,0,1,0,0,0,0,1,0
170,43.133,0.884,0.545,6.7,10.8,5,0,0,0,0,1,0,0,0,1,0,0,0,0,0,0,1,0,0
171,56.27,0.901,0.779,5.2,2.5,3,0,0,0,0,0,1,0,0,0,0,1,0,0,0,1,0,0,0
172,53.127,0.747,0.93,1.1,3.3,3,0,0,0,0,0,1,0,0,0,0,0,0,1,0,0,1,0,0
173,35.49,0.68,0.45,7.1,6.6,3,0,0,0,0,0,1,0,0,0,1,0,0,0,0,0,0,1,0
174,22.817,0.068,0.934,1.3,8.9,4,0,0,0,0,0,1,0,0,0,0,1,0,0,0,0,0,0,1
175,13.946,0.36,0.095,4.3,1.3,4,0,0,0,0,1,0,0,0,0,1,0,0,0,0,0,0,0,1
176,39.844,0.568,0.767,6.8,5.3,5,0,0,0,0,0,1,0,0,1,0,0,0,0,0,1,0,0,0
177,26.339,0.876,0.125,3.5,1.2,4,0,0,0,0,1,0,0,0,0,0,0,0,1,0,0,0,0,1
178,44.162,0.641,0.852,0.9,6.2,4,0,0,0,0,0,1,0,0,1,0,0,0,0,0,0,0,1,0
179,19.037,0.081,0.394,0.2,7.9,3,0,0,0,0,0,1,0,0,0,0,0,0,0,1,0,1,0,0
180,69.036,0.924,0.989,4.1,9.4,7,0,0,0,0,0,1,0,0,0,0,1,0,0,0,0,0,0,1
181,17.655,0.157,0.066,3.9,7.2,2,0,0,0,0,0,1,0,0,0,1,0,0,0,0,0,1,0,0
182,40.813,0.95,0.641,5.7,9.2,6,0,0,0,0,1,0,1,0,0,0,0,0,0,0,0,1,0,0
183,52.767,0.697,0.849,4.5,5.1,3,0,0,0,0,0,1,0,0,0,0,1,0,0,0,0,0,1,0
184,22.242,0.502,0.163,6.3,11,3,0,0,0,0,0,1,0,0,0,1,0,0,0,0,0,1,0,0
185,51.8,0.892,0.24,8.8,9.4,3,0,0,0,0,0,1,0,0,0,0,0,0,1,0,0,1,0,0
186,25.118,0.695,0.039,6.1,4.7,3,0,0,0,0,0,1,0,0,1,0,0,0,0,0,0,1,0,0
187,25.006,0.554,0.357,1.1,0.4,1,0,0,0,0,0,1,0,1,0,0,0,0,0,0,0,1,0,0
188,18.031,0.38,0.026,7.4,1.6,5,0,0,0,0,0,1,0,0,1,0,0,0,0,0,1,0,0,0
189,17.892,0.099,0.124,3.4,5.6,5,0,0,0,0,0,1,1,0,0,0,0,0,0,0,1,0,0,0
190,69.315,0.969,0.935,8.6,10.7,6,0,0,0,0,0,1,0,0,1,0,0,0,0,0,0,1,0,0
191,46.572,0.911,0.763,0.1,2.3,6,0,0,0,0,0,1,0,0,0,0,0,0,0,1,0,1,0,0
192,30.648,0.295,0.693,1.9,5.3,6,0,0,0,0,0,1,0,0,0,0,1,0,0,0,0,1,0,0
193,29.682,0.181,0.099,7.4,7,2,0,0,0,0,0,1,0,0,0,1,0,0,0,0,0,0,1,0
194,55.7,0.708,0.875,3.5,9.6,2,0,0,0,0,1,0,0,0,0,0,0,0,0,1,0,0,1,0
195,22.077,0.382,0.098,4.6,8.1,5,0,0,0,0,0,1,0,0,0,1,0,0,0,0,0,0,0,1
196,41.514,0.182,0.949,3.4,11.5,3,0,0,0,0,0,1,0,0,0,0,0,0,1,0,0,0,1,0
197,68.304,0.916,0.936,9.1,11.9,4,0,0,0,0,0,1,0,0,0,0,0,0,0,1,0,1,0,0
198,26.594,0.125,0.447,2.7,5.5,3,0,0,0,0,0,1,0,0,0,0,0,0,0,1,0,0,0,1
199,34.893,0.935,0.488,4.3,0.8,6,0,0,0,0,0,1,0,0,0,1,0,0,0,0,0,0,0,1
200,25.761,0.123,0.091,5.8,5.3,2,0,0,0,0,0,1,0,0,0,1,0,0,0,0,0,0,0,1
201,62.655,0.764,0.951,7,11.5,5,0,0,0,0,1,0,0,0,0,0,1,0,0,0,0,0,1,0
202,72.387,0.971,0.784,9.5,9.9,4,0,0,0,0,0,1,0,0,0,0,0,0,1,0,0,1,0,0
203,26.025,0.298,0.09,7.5,3.8,5,0,0,0,0,0,1,0,0,0,0,0,0,0,1,1,0,0,0
204,30.286,0.326,0.38,5,1,4,0,0,0,0,0,1,0,0,0,0,0,0,1,0,0,0,0,1
205,21.026,0.699,0.097,2.4,5.3,3,0,0,0,0,0,1,0,0,0,0,0,0,0,1,0,0,0,1
206,37.751,0.831,0.121,7.7,7.5,4,0,0,0,0,0,1,0,0,0,0,0,1,0,0,0,1,0,0
207,29.939,0.929,0.057,7.2,5.9,6,0,0,0,0,0,1,0,0,0,0,0,1,0,0,1,0,0,0
208,17.462,0.12,0.042,4.2,11.4,4,0,0,0,0,0,1,0,0,1,0,0,0,0,0,1,0,0,0
209,10.98,0.505,0.123,2,3,5,0,0,0,0,0,1,0,0,0,1,0,0,0,0,0,1,0,0
210,11.033,0.119,0.07,2.7,0.9,3,0,0,0,0,0,1,0,0,0,0,0,0,0,1,0,0,0,1
211,44.789,0.419,0.984,0.4,1.6,3,0,0,0,0,0,1,0,1,0,0,0,0,0,0,0,0,1,0
212,30.025,0.186,0.829,4.2,2.3,3,0,0,0,0,0,1,0,1,0,0,0,0,0,0,0,0,0,1
213,17.983,0.423,0.091,0.3,5.7,4,0,0,0,0,0,1,1,0,0,0,0,0,0,0,1,0,0,0
214,43.695,0.88,0.617,5.7,1.7,4,0,0,0,0,0,1,1,0,0,0,0,0,0,0,1,0,0,0
215,27.434,0.037,0.61,1.6,5.5,3,0,0,0,0,0,1,0,1,0,0,0,0,0,0,0,0,0,1
216,30.599,0.158,0.626,5.3,4,3,0,0,0,0,0,1,0,0,0,0,0,0,0,1,0,0,0,1
217,27.495,0.912,0.016,7.3,1.7,5,0,0,0,0,0,1,0,0,0,0,0,1,0,0,1,0,0,0
218,14.908,0.099,0.054,0.6,1.2,4,0,0,0,0,0,1,1,0,0,0,0,0,0,0,0,1,0,0
219,14.643,0.278,0.082,3.9,9.4,6,0,0,0,0,0,1,0,0,1,0,0,0,0,0,1,0,0,0
220,59.566,0.86,0.804,6.5,10,3,0,0,0,0,0,1,1,0,0,0,0,0,0,0,0,1,0,0
221,5.349,0.012,0.335,0.1,3.3,3,0,0,0,0,0,1,1,0,0,0,0,0,0,0,0,0,0,1
222,16.257,0.092,0.827,3.9,1.3,3,0,0,0,0,0,1,0,0,0,1,0,0,0,0,0,0,0,1
223,16.501,0.469,0.052,5.3,0.6,2,0,0,0,0,1,0,0,0,1,0,0,0,0,0,1,0,0,0
224,26.46,0.141,0.951,4.9,9.8,3,0,0,0,0,0,1,0,0,0,0,0,0,0,1,0,1,0,0
225,19.143,0.175,0.233,5.6,3.1,2,0,0,0,0,0,1,0,1,0,0,0,0,0,0,0,0,0,1
226,54.538,0.844,0.964,4.8,10.2,6,0,0,0,0,0,1,0,0,0,0,0,0,0,1,0,0,1,0
227,30.971,0.186,0.896,6.7,11,5,0,0,0,0,1,0,0,0,0,0,0,0,1,0,0,0,0,1
228,66.352,0.895,0.944,8.9,8.8,4,0,0,0,0,0,1,0,0,0,0,0,0,0,1,0,0,1,0
229,33.378,0.819,0.058,9.3,5,3,0,0,0,0,0,1,0,0,1,0,0,0,0,0,0,0,0,1
230,9.379,0.035,0.099,1.5,0.4,5,0,0,0,0,0,1,0,0,0,1,0,0,0,0,0,0,0,1
231,47.442,0.89,0.572,5.3,8.8,3,0,0,0,0,0,1,0,0,0,0,0,0,0,1,0,0,1,0
232,30.231,0.364,0.145,5.8,11.6,5,0,0,0,0,0,1,1,0,0,0,0,0,0,0,0,1,0,0
233,37.385,0.626,0.489,6.1,11.3,5,0,0,0,0,0,1,0,0,0,0,0,1,0,0,0,0,1,0
234,34.272,0.138,0.107,0.9,0.4,5,0,0,0,0,0,1,0,0,0,1,0,0,0,0,0,0,0,1
235,74.837,0.917,0.986,6.2,8.8,5,0,0,0,0,0,1,0,1,0,0,0,0,0,0,0,1,0,0
236,67.111,0.894,0.895,5.6,11.5,4,0,0,0,0,0,1,0,0,0,0,1,0,0,0,0,0,0,1
237,39.633,0.534,0.266,4.4,10.4,3,0,0,0,0,0,1,0,0,1,0,0,0,0,0,0,0,0,1
238,31.148,0.176,0.152,8.7,7.9,3,0,0,0,0,0,1,0,0,1,0,0,0,0,0,0,1,0,0
239,36.225,0.936,0.165,4,8.7,4,0,0,0,0,0,1,0,0,1,0,0,0,0,0,0,0,1,0
240,50.279,0.732,0.744,4.5,0.3,3,0,0,0,0,0,1,0,0,0,0,0,0,1,0,0,1,0,0
241,54.521,0.81,0.625,6.6,5.2,4,0,0,0,0,0,1,0,0,0,0,0,0,1,0,0,1,0,0
242,23.134,0.247,0.7,2.2,2.8,5,0,0,0,0,0,1,0,0,0,0,0,0,1,0,1,0,0,0
243,37.23,0.901,0.219,7.1,9.9,5,0,0,0,0,0,1,0,0,0,1,0,0,0,0,0,0,0,1
244,39.074,0.261,0.876,7.3,8.7,3,0,0,0,0,0,1,0,0,0,1,0,0,0,0,0,1,0,0
245,35.563,0.176,0.68,9.2,10.2,2,0,0,0,0,0,1,0,0,1,0,0,0,0,0,0,1,0,0
246,23.973,0.865,0.291,0.1,0.8,5,0,0,0,0,0,1,0,0,0,0,0,0,1,0,1,0,0,0
247,22.043,0.008,0.682,0.8,0.9,5,0,0,0,0,0,1,0,0,1,0,0,0,0,0,1,0,0,0
248,56.616,0.66,0.869,5.5,6.9,3,0,0,0,0,0,1,0,1,0,0,0,0,0,0,0,1,0,0
249,27.754,0.269,0.407,8.3,10.8,5,0,0,0,0,0,1,0,0,0,0,0,0,0,1,1,0,0,0
250,43.385,0.544,0.811,2.6,7.8,1,0,0,0,0,0,1,0,0,0,0,0,1,0,0,0,0,1,0
251,38.01,0.631,0.327,5.7,6.4,3,0,0,0,0,0,1,0,0,1,0,0,0,0,0,0,0,0,1
252,30.947,0.146,0.651,2.2,5.1,3,0,0,0,0,0,1,1,0,0,0,0,0,0,0,0,0,1,0
253,63.132,0.741,0.898,4.7,2.5,1,0,0,0,0,1,0,0,0,0,0,1,0,0,0,0,0,1,0
254,37.203,0.15,0.757,2.8,10.2,3,0,0,0,0,0,1,0,0,0,0,0,0,1,0,0,0,1,0
255,45.893,0.885,0.139,5.6,4.9,4,0,0,0,0,0,1,0,0,0,0,0,0,1,0,1,0,0,0
256,46.206,0.925,0.089,9.6,7.7,3,0,0,0,0,0,1,0,0,0,0,0,0,0,1,0,1,0,0
257,32.719,0.19,0.901,2,0.5,3,0,0,0,0,0,1,0,0,0,0,1,0,0,0,0,0,1,0
258,28.893,0.283,0.52,1.9,0.6,4,0,0,0,0,0,1,0,1,0,0,0,0,0,0,0,0,0,1
259,35.264,0.137,0.73,1.3,0.6,2,0,0,0,0,0,1,0,0,0,0,0,0,1,0,0,0,1,0
260,36.054,0.234,0.81,2.6,7.5,3,0,0,0,0,0,1,0,0,0,0,1,0,0,0,0,1,0,0
261,21.896,0.137,0.781,2,9.7,2,0,0,0,0,0,1,0,0,1,0,0,0,0,0,0,0,1,0
262,62.953,0.806,0.959,6.2,11.5,3,0,0,0,0,0,1,1,0,0,0,0,0,0,0,0,0,1,0
263,36.437,0.731,0.18,9.5,2,5,0,0,0,0,1,0,0,0,0,0,0,0,0,1,0,0,0,1
264,70.186,0.916,0.944,5.1,10.8,3,0,0,0,0,0,1,0,0,0,0,0,0,1,0,0,1,0,0
265,13.205,0.038,0.113,4.7,0.6,1,0,0,0,0,1,0,0,0,0,0,0,1,0,0,0,0,0,1
266,22.078,0.912,0.052,6.5,0.4,6,0,0,0,0,0,1,0,0,0,0,0,1,0,0,1,0,0,0
267,21.46,0.153,0.821,3.4,6.8,5,0,0,0,0,0,1,1,0,0,0,0,0,0,0,0,0,0,1
268,75.844,0.952,0.946,8.7,9.7,3,0,0,0,0,0,1,0,0,0,0,0,0,0,1,0,0,1,0
269,64.879,0.785,0.865,8.2,10.3,4,0,0,0,0,0,1,0,0,0,0,0,0,1,0,0,0,0,1
270,61.789,0.855,0.926,6.3,10.2,4,0,0,0,0,0,1,0,0,1,0,0,0,0,0,0,1,0,0
271,60.273,0.823,0.868,4,11,3,0,0,0,0,0,1,0,0,0,0,0,0,1,0,0,0,0,1
272,20.8,0.036,0.187,0.8,3.8,3,0,0,0,0,0,1,0,1,0,0,0,0,0,0,0,0,0,1
273,44.466,0.852,0.303,9.9,2.9,6,0,0,0,0,0,1,1,0,0,0,0,0,0,0,0,0,0,1
274,14.956,0.165,0.673,4.3,10.7,5,0,0,0,0,0,1,0,0,0,0,0,1,0,0,0,0,0,1
275,28.548,0.234,0.286,5.5,6.4,2,0,0,0,0,0,1,0,0,0,0,0,0,1,0,0,0,0,1
276,15.69,0.128,0.081,3.6,3.7,2,0,0,0,0,0,1,0,0,0,0,0,0,0,1,0,1,0,0
277,17.376,0.191,0.105,0.8,4,7,0,0,0,0,0,1,0,0,1,0,0,0,0,0,0,0,0,1
278,49.639,0.898,0.492,6.6,11,3,0,0,0,0,0,1,0,0,0,1,0,0,0,0,0,0,1,0
279,43.369,0.789,0.123,7.7,8.3,4,0,0,0,0,1,0,0,0,0,0,1,0,0,0,0,0,0,1
280,53.658,0.236,0.942,9.4,8.1,3,0,0,0,0,0,1,0,0,0,0,1,0,0,0,0,0,1,0
281,39.64,0.469,0.344,9.2,5.7,4,0,0,0,0,0,1,0,0,1,0,0,0,0,0,1,0,0,0
282,30.968,0.098,0.89,3.7,2.4,3,0,0,0,0,0,1,0,1,0,0,0,0,0,0,0,1,0,0
283,27.257,0.08,0.082,8,11.3,3,0,0,0,0,1,0,0,0,1,0,0,0,0,0,0,0,1,0
284,28.691,0.892,0.121,2.8,3.6,6,0,0,0,0,0,1,0,0,1,0,0,0,0,0,1,0,0,0
285,34.373,0.225,0.859,1.6,9.1,3,0,0,0,0,0,1,0,1,0,0,0,0,0,0,0,1,0,0
286,66.973,0.922,0.974,5.7,5.7,6,0,0,0,0,0,1,0,0,0,1,0,0,0,0,0,0,1,0
287,67.462,0.918,0.923,6.6,2,5,0,0,0,0,0,1,0,0,0,0,1,0,0,0,1,0,0,0
288,37.749,0.713,0.621,1.5,2,4,0,0,0,0,0,1,0,0,0,0,0,0,0,1,0,1,0,0
289,48.931,0.622,0.659,6.2,6.2,5,0,0,0,0,0,1,0,0,0,0,1,0,0,0,1,0,0,0
290,25.975,0.085,0.79,0.6,0.1,3,0,0,0,0,0,1,0,1,0,0,0,0,0,0,0,0,0,1
291,46.89,0.667,0.941,1.1,10,4,0,0,0,0,0,1,0,0,0,0,0,0,0,1,0,0,1,0
292,11.495,0.126,0.052,3.7,5.6,2,0,0,0,0,0,1,1,0,0,0,0,0,0,0,0,1,0,0
293,44.798,0.953,0.697,5.1,2.1,4,0,0,0,0,1,0,0,0,0,1,0,0,0,0,0,0,1,0
294,20.648,0.198,0.036,5.5,7.7,6,0,0,0,0,0,1,1,0,0,0,0,0,0,0,0,0,0,1
295,60.632,0.905,0.888,9.2,2.2,5,0,0,0,0,0,1,1,0,0,0,0,0,0,0,0,0,1,0
296,29.499,0.472,0.359,2.1,7.5,4,0,0,0,0,0,1,0,0,0,0,0,0,1,0,0,1,0,0
297,25.633,0.081,0.733,4.3,11.3,4,0,0,0,0,1,0,0,0,0,0,1,0,0,0,0,0,0,1
298,53.538,0.845,0.71,6.2,4.5,7,0,0,0,0,1,0,0,0,0,0,0,0,1,0,0,0,0,1
299,55.182,0.928,0.868,5.7,7.6,7,0,0,0,0,0,1,0,0,0,1,0,0,0,0,0,1,0,0
300,46.949,0.908,0.524,7.9,1.6,4,0,0,0,0,1,0,1,0,0,0,0,0,0,0,0,1,0,0
301,14.48,0.065,0.305,0.6,4.4,6,0,0,0,0,0,1,0,0,0,1,0,0,0,0,0,0,0,1
302,24.105,0.564,0.484,1.8,1.1,2,0,0,0,0,1,0,0,0,1,0,0,0,0,0,0,1,0,0
303,12.996,0.097,0.064,1.6,2,3,0,0,0,0,1,0,0,0,0,0,1,0,0,0,1,0,0,0
304,25.559,0.154,0.262,5.5,4.3,3,0,0,0,0,0,1,0,0,0,0,1,0,0,0,0,1,0,0
305,41.38,0.516,0.934,6.9,3.9,7,0,0,0,0,0,1,0,0,1,0,0,0,0,0,0,1,0,0
306,47.673,0.814,0.744,4.4,5.5,6,0,0,0,0,0,1,1,0,0,0,0,0,0,0,1,0,0,0
307,13.305,0.076,0.042,2.8,2.1,4,0,0,0,0,0,1,0,0,0,0,0,1,0,0,0,0,0,1
308,19.217,0.04,0.265,2.8,6.4,3,0,0,0,0,1,0,0,0,0,0,1,0,0,0,0,1,0,0
309,15.66,0.173,0.536,5.4,5.7,5,0,0,0,0,0,1,0,0,1,0,0,0,0,0,0,1,0,0
310,33.143,0.35,0.921,5.1,11.3,2,0,0,0,0,1,0,0,0,0,1,0,0,0,0,0,0,1,0
311,17.715,0.022,0.136,3.3,4.2,4,0,0,0,0,0,1,1,0,0,0,0,0,0,0,0,1,0,0
312,22.114,0.219,0.647,1.8,4.1,4,0,0,0,0,0,1,0,0,0,0,0,0,1,0,0,1,0,0
313,48.893,0.868,0.563,0.4,11.1,5,0,0,0,0,0,1,0,0,0,0,0,0,1,0,1,0,0,0
314,33.783,0.019,0.026,7.2,6.1,2,0,0,0,0,0,1,0,0,1,0,0,0,0,0,0,0,0,1
315,18.177,0.09,0.242,2.6,2.6,4,0,0,0,0,0,1,0,0,0,0,1,0,0,0,0,0,0,1
316,21.615,0.39,0.117,5.2,4.6,4,0,0,0,0,0,1,0,0,0,1,0,0,0,0,0,0,0,1
317,18.389,0.148,0.232,2.1,6.9,3,0,0,0,0,0,1,0,0,0,0,0,0,0,1,0,1,0,0
318,33.04,0.746,0.21,5.9,3.1,5,0,0,0,0,0,1,1,0,0,0,0,0,0,0,1,0,0,0
319,28.603,0.739,0.167,0.9,3.3,3,0,0,0,0,0,1,0,0,0,0,0,0,1,0,0,0,0,1
320,64.825,0.839,0.938,7.5,4,7,0,0,0,0,1,0,0,0,0,0,1,0,0,0,1,0,0,0
321,33.453,0.078,0.269,8.4,4,3,0,0,0,0,0,1,0,1,0,0,0,0,0,0,1,0,0,0
322,49.724,0.526,0.883,4.6,4,4,0,0,0,0,0,1,1,0,0,0,0,0,0,0,0,1,0,0
323,23.6,0.048,0.036,4,11.3,2,0,0,0,0,0,1,0,0,0,0,0,0,0,1,1,0,0,0
324,30.034,0.102,0.697,6,9.8,3,0,0,0,0,0,1,0,0,0,0,0,0,0,1,0,0,1,0
325,65.044,0.766,0.896,6.8,10.3,4,0,0,0,0,0,1,0,0,0,0,1,0,0,0,1,0,0,0
326,49.217,0.347,0.915,8.4,8.7,4,0,0,0,0,0,1,1,0,0,0,0,0,0,0,0,0,0,1
327,41.741,0.752,0.078,6.9,10.3,5,0,0,0,0,1,0,0,0,0,0,0,0,0,1,0,0,0,1
328,39.188,0.279,0.787,5,8,3,0,0,0,0,0,1,0,0,0,1,0,0,0,0,0,0,0,1
329,72.006,0.927,0.985,5.9,9.7,3,0,0,0,0,0,1,0,0,0,1,0,0,0,0,0,0,1,0
330,40.072,0.807,0.283,7.5,11.6,3,0,0,0,0,0,1,0,0,0,1,0,0,0,0,0,0,1,0
331,38.206,0.277,0.841,8.8,11.8,3,0,0,0,0,0,1,0,0,0,0,0,1,0,0,0,0,0,1
332,51.839,0.662,0.926,2.6,4.8,3,0,0,0,0,0,1,0,1,0,0,0,0,0,0,0,1,0,0
333,11.455,0.131,0.284,4.4,7.1,4,0,0,0,0,1,0,0,0,0,0,0,1,0,0,0,1,0,0
334,61.936,0.923,0.502,9.9,9.6,4,0,0,0,0,1,0,0,0,0,0,0,0,1,0,0,0,0,1
335,11.437,0.079,0.228,6.6,2.8,4,0,0,0,0,0,1,0,0,0,0,0,1,0,0,1,0,0,0
336,18.904,0.115,0.116,5.4,11.5,2,0,0,0,0,0,1,0,0,1,0,0,0,0,0,0,0,0,1
337,14.814,0.188,0.161,0.4,1.8,5,0,0,0,0,0,1,1,0,0,0,0,0,0,0,1,0,0,0
338,51.116,0.704,0.587,9.5,7.6,2,0,0,0,0,1,0,1,0,0,0,0,0,0,0,0,0,1,0
339,62.193,0.963,0.852,6.5,8.1,3,0,0,0,0,0,1,0,0,0,0,0,0,0,1,0,1,0,0
340,70.957,0.93,0.804,9.7,10.2,3,0,0,0,0,0,1,0,0,0,0,1,0,0,0,0,1,0,0
341,35.752,0.166,0.968,3,8.1,5,0,0,0,0,1,0,0,1,0,0,0,0,0,0,0,1,0,0
342,30.621,0.438,0.204,1.8,4.8,5,0,0,0,0,0,1,0,0,0,0,0,0,0,1,0,0,0,1
343,61.946,0.51,0.831,9.3,9.4,4,0,0,0,0,0,1,0,0,0,0,0,0,1,0,0,0,0,1
344,66.547,0.723,0.916,7.2,5,4,0,0,0,0,0,1,0,1,0,0,0,0,0,0,0,1,0,0
345,68.583,0.931,0.942,3.5,8.6,5,0,0,0,0,0,1,0,0,0,0,1,0,0,0,0,0,0,1
346,36.385,0.411,0.856,4.2,6.8,4,0,0,0,0,0,1,1,0,0,0,0,0,0,0,0,1,0,0
347,19.011,0.182,0.307,3.3,1.9,4,0,0,0,0,0,1,0,0,0,1,0,0,0,0,0,0,0,1
348,52.905,0.95,0.852,0.6,9.1,7,0,0,0,0,0,1,0,0,1,0,0,0,0,0,0,0,1,0
349,64.091,0.882,0.818,8.6,1.2,3,0,0,0,0,1,0,0,1,0,0,0,0,0,0,0,1,0,0
350,28.179,0.757,0.097,4.1,4.9,4,0,0,0,0,0,1,1,0,0,0,0,0,0,0,0,0,0,1
351,45.567,0.237,0.84,9.3,2,3,0,0,0,0,0,1,0,0,1,0,0,0,0,0,0,0,0,1
352,35.381,0.849,0.129,3.3,5.8,4,0,0,0,0,0,1,0,0,0,0,0,0,0,1,0,0,0,1
353,28.311,0.225,0.052,9.1,1.2,3,0,0,0,0,0,1,1,0,0,0,0,0,0,0,0,0,0,1
354,30.917,0.084,0.884,2.4,9.4,4,0,0,0,0,0,1,0,0,0,0,1,0,0,0,0,1,0,0
355,63.469,0.743,0.859,9.6,11.7,4,0,0,0,0,0,1,0,0,0,1,0,0,0,0,0,1,0,0
356,14.97,0.043,0.084,3.7,3.7,3,0,0,0,0,0,1,0,0,1,0,0,0,0,0,0,0,0,1
357,27.551,0.1,0.529,0.6,9.2,4,0,0,0,0,0,1,1,0,0,0,0,0,0,0,1,0,0,0
358,25.782,0.123,0.044,7.4,3,3,0,0,0,0,0,1,0,0,1,0,0,0,0,0,1,0,0,0
359,78.483,0.942,0.917,6.8,8.2,2,0,0,0,0,0,1,0,0,0,0,0,0,1,0,0,0,1,0
360,19.158,0.157,0.19,2,1.7,6,0,0,0,0,0,1,0,0,0,0,1,0,0,0,1,0,0,0
361,69.148,0.86,0.813,7.7,9.9,3,0,0,0,0,0,1,0,0,0,0,1,0,0,0,1,0,0,0
362,52.886,0.839,0.821,1.3,1.1,6,0,0,0,0,0,1,0,0,0,0,0,0,1,0,0,1,0,0
363,31.614,0.109,0.23,4.9,10.9,2,0,0,0,0,0,1,0,0,0,0,1,0,0,0,0,1,0,0
364,21.121,0.207,0.03,0.8,5,6,0,0,0,0,0,1,0,0,0,0,0,1,0,0,1,0,0,0
365,26.872,0.175,0.572,2.5,9.2,2,0,0,0,0,1,0,0,0,0,0,0,0,1,0,0,0,0,1
366,36.756,0.221,0.913,2.6,10.9,4,0,0,0,0,0,1,0,0,0,0,1,0,0,0,0,1,0,0
367,65.894,0.897,0.973,2.3,3.5,5,0,0,0,0,0,1,0,0,0,0,0,0,1,0,0,0,1,0
368,41.897,0.436,0.814,2.6,10,3,0,0,0,0,0,1,0,0,1,0,0,0,0,0,0,0,1,0
369,40.914,0.799,0.593,1.8,8.9,5,0,0,0,0,0,1,0,0,0,0,0,0,0,1,0,0,0,1
370,16.313,0.029,0.145,2.8,0.3,3,0,0,0,0,0,1,0,0,0,1,0,0,0,0,0,0,0,1
371,62.502,0.896,0.734,7.6,7.1,3,0,0,0,0,0,1,0,0,1,0,0,0,0,0,0,0,0,1
372,66.93,0.807,0.949,9.2,9.4,4,0,0,0,0,1,0,0,0,0,1,0,0,0,0,0,1,0,0
373,35.622,0.785,0.147,6.1,5.3,3,0,0,0,0,0,1,0,0,0,0,0,0,0,1,0,0,0,1
374,41.845,0.74,0.528,4.9,8.5,3,0,0,0,0,0,1,1,0,0,0,0,0,0,0,0,0,0,1
375,29.16,0.038,0.621,5.3,11.8,5,0,0,0,0,0,1,0,0,0,0,0,1,0,0,1,0,0,0
376,30.244,0.377,0.518,1.2,8.3,4,0,0,0,0,0,1,0,0,0,1,0,0,0,0,0,1,0,0
377,23.259,0.728,0.049,3.3,1.9,4,0,0,0,0,0,1,0,0,1,0,0,0,0,0,1,0,0,0
378,32.909,0.357,0.731,2.4,9.5,4,0,0,0,0,0,1,1,0,0,0,0,0,0,0,0,1,0,0
379,27.445,0.204,0.494,0.7,11.4,4,0,0,0,0,0,1,0,0,1,0,0,0,0,0,0,0,0,1
380,73.567,0.926,0.896,9.6,8.9,3,0,0,0,0,0,1,0,0,1,0,0,0,0,0,0,1,0,0
381,21.683,0.072,0.079,2.4,2.3,3,0,0,0,0,0,1,0,0,0,1,0,0,0,0,0,0,1,0
382,42.976,0.768,0.744,2.7,11.3,5,0,0,0,0,1,0,0,0,0,0,0,0,0,1,0,0,1,0
383,24.805,0.072,0.862,1.2,6.1,3,0,0,0,0,0,1,0,0,1,0,0,0,0,0,0,0,1,0
384,21.672,0.309,0.011,5.4,4.3,3,0,0,0,0,0,1,1,0,0,0,0,0,0,0,0,0,0,1
385,41.962,0.902,0.069,8.2,8.7,5,0,0,0,0,0,1,0,0,0,0,0,0,0,1,1,0,0,0
386,37.291,0.213,0.885,6.9,12,3,0,0,0,0,0,1,0,0,0,1,0,0,0,0,0,0,1,0
387,51.37,0.87,0.424,1.5,6.2,3,0,0,0,0,0,1,0,0,0,0,0,0,1,0,0,0,1,0
388,32.193,0.681,0.058,6.6,3.6,5,0,0,0,0,1,0,0,0,0,1,0,0,0,0,1,0,0,0
389,34.956,0.553,0.463,5.3,6.2,5,0,0,0,0,1,0,0,0,0,1,0,0,0,0,1,0,0,0
390,30.168,0.228,0.778,5.2,2.7,2,0,0,0,0,0,1,0,0,1,0,0,0,0,0,0,0,1,0
391,33.451,0.138,0.818,1,4,3,0,0,0,0,0,1,0,0,0,0,0,0,1,0,0,0,0,1
392,61.271,0.933,0.894,4.8,4,5,0,0,0,0,1,0,0,1,0,0,0,0,0,0,0,0,1,0
393,31.526,0.248,0.739,4.3,4.3,7,0,0,0,0,0,1,0,0,0,0,0,0,1,0,1,0,0,0
394,36.265,0.783,0.275,6.5,7.4,4,0,0,0,0,0,1,0,0,0,1,0,0,0,0,0,0,0,1
395,25.241,0.126,0.094,2.4,3.5,4,0,0,0,0,1,0,0,0,0,0,1,0,0,0,0,0,0,1
396,31.094,0.311,0.88,3.3,0.8,3,0,0,0,0,0,1,0,0,0,1,0,0,0,0,0,1,0,0
397,36.952,0.933,0.041,9.6,2.5,4,0,0,0,0,0,1,0,0,0,0,0,1,0,0,1,0,0,0
398,37.237,0.783,0.13,8.8,9.9,4,0,0,0,0,0,1,0,0,0,0,0,0,0,1,0,0,0,1
399,53.799,0.817,0.396,8.2,9,2,0,0,0,0,0,1,0,0,0,0,1,0,0,0,0,0,1,0
400,17.139,0.05,0.859,1.4,3.1,2,0,0,0,0,0,1,0,0,0,0,0,0,0,1,0,0,1,0
401,22.141,0.202,0.182,2.8,4.2,4,0,0,0,0,0,1,0,0,0,0,0,0,0,1,1,0,0,0
402,50.107,0.7,0.566,8.5,7.8,2,0,0,0,0,0,1,0,0,0,1,0,0,0,0,0,1,0,0
403,33.112,0.101,0.794,6.3,8.5,2,0,0,0,0,0,1,1,0,0,0,0,0,0,0,0,0,1,0
404,29.163,0.138,0.73,2.6,10.9,4,0,0,0,0,0,1,0,0,0,0,1,0,0,0,0,0,1,0
405,31.255,0.104,0.177,0.9,3.7,3,0,0,0,0,0,1,0,0,0,0,0,0,1,0,0,0,0,1
406,20.35,0.052,0.24,4.9,10,3,0,0,0,0,1,0,1,0,0,0,0,0,0,0,0,1,0,0
407,56.128,0.962,0.728,3.6,4.9,5,0,0,0,0,0,1,0,0,0,0,1,0,0,0,0,0,1,0
408,52.733,0.648,0.819,4.5,5.1,4,0,0,0,0,0,1,0,1,0,0,0,0,0,0,1,0,0,0
409,34.018,0.576,0.266,6.8,4.2,2,0,0,0,0,0,1,0,0,0,0,0,0,0,1,0,1,0,0
410,65.939,0.77,0.93,6.6,10.9,2,0,0,0,0,0,1,0,0,0,0,1,0,0,0,0,0,1,0
411,29.824,0.236,0.853,3.7,9.1,7,0,0,0,0,0,1,1,0,0,0,0,0,0,0,0,1,0,0
412,21.992,0.149,0.85,1.2,9.5,5,0,0,0,0,1,0,0,0,1,0,0,0,0,0,0,1,0,0
413,57.591,0.716,0.86,7.4,7.3,3,0,0,0,0,0,1,0,0,0,0,0,0,0,1,0,1,0,0
414,36.146,0.553,0.849,2.3,3.1,4,0,0,0,0,0,1,0,0,0,1,0,0,0,0,0,0,0,1
415,53.535,0.755,0.626,9.5,9.8,7,0,0,0,0,0,1,0,0,0,0,0,1,0,0,0,0,1,0
416,46.607,0.927,0.778,5,1.1,7,0,0,0,0,1,0,0,0,0,0,0,0,0,1,0,0,0,1
417,21.297,0.14,0.141,7.7,8.9,4,0,0,0,0,0,1,0,0,1,0,0,0,0,0,0,0,1,0
418,26.039,0.631,0.075,4.4,4.2,5,0,0,0,0,0,1,0,0,0,1,0,0,0,0,0,0,0,1
419,21.342,0.084,0.628,1.2,4,3,0,0,0,0,0,1,0,0,0,1,0,0,0,0,1,0,0,0
420,31.199,0.288,0.478,8.8,2.4,6,0,0,0,0,0,1,0,1,0,0,0,0,0,0,0,0,0,1
421,36.197,0.345,0.347,3.9,10.7,1,0,0,0,0,0,1,0,0,0,0,0,0,1,0,0,0,1,0
422,26.613,0.086,0.209,7.5,6.3,3,0,0,0,0,0,1,1,0,0,0,0,0,0,0,0,0,0,1
423,43.367,0.304,0.822,6.2,11.8,3,0,0,0,0,0,1,0,0,0,0,0,0,1,0,0,1,0,0
424,36.298,0.153,0.944,1.9,7.9,3,0,0,0,0,1,0,0,0,0,0,1,0,0,0,0,1,0,0
425,25.223,0.105,0.676,6.3,6.2,6,0,0,0,0,1,0,1,0,0,0,0,0,0,0,0,0,0,1
426,38.904,0.936,0.367,5.4,4.2,4,0,0,0,0,0,1,0,0,0,0,0,0,0,1,0,0,1,0
427,44.504,0.957,0.589,1.2,10.9,7,0,0,0,0,0,1,0,0,1,0,0,0,0,0,0,1,0,0
428,56.949,0.911,0.837,6.3,5,7,0,0,0,0,0,1,0,0,0,0,0,0,0,1,0,0,1,0
429,25.405,0.642,0.342,0.8,0.6,3,0,0,0,0,0,1,0,0,0,0,0,1,0,0,0,1,0,0
430,50.721,0.808,0.809,4.4,7.1,5,0,0,0,0,0,1,0,0,1,0,0,0,0,0,0,1,0,0
431,25.793,0.161,0.284,0.5,0.1,4,0,0,0,0,0,1,0,0,0,0,1,0,0,0,1,0,0,0
432,37.92,0.306,0.628,1.4,7.6,5,0,0,0,0,0,1,0,0,0,0,1,0,0,0,0,0,1,0
433,22.469,0.274,0.336,3.3,6.7,3,0,0,0,0,0,1,0,0,0,0,0,0,0,1,0,0,0,1
434,27.09,0.663,0.409,1.3,4.3,6,0,0,0,0,0,1,0,0,1,0,0,0,0,0,1,0,0,0
435,35.729,0.841,0.171,4.4,4.1,5,0,0,0,0,0,1,1,0,0,0,0,0,0,0,0,1,0,0
436,39.66,0.336,0.961,2.2,9.6,3,0,0,0,0,0,1,1,0,0,0,0,0,0,0,0,0,1,0
437,28.944,0.089,0.384,6.2,4.9,6,0,0,0,0,0,1,0,0,0,1,0,0,0,0,0,0,0,1
438,35.635,0.245,0.14,9.6,10.6,3,0,0,0,0,0,1,0,0,0,1,0,0,0,0,0,0,1,0
439,66.685,0.936,0.612,8,10.8,2,0,0,0,0,0,1,0,0,0,0,1,0,0,0,0,0,1,0
440,56.734,0.612,0.939,7.6,8.2,4,0,0,0,0,0,1,0,0,0,1,0,0,0,0,0,1,0,0
441,64.652,0.858,0.964,2.4,11.5,3,0,0,0,0,0,1,0,0,1,0,0,0,0,0,0,0,1,0
442,66.984,0.943,0.748,9.4,5.2,4,0,0,0,0,0,1,0,0,1,0,0,0,0,0,0,1,0,0
443,35.669,0.397,0.105,8.1,4.9,5,0,0,0,0,0,1,1,0,0,0,0,0,0,0,1,0,0,0
444,35.597,0.236,0.21,9.6,6.6,5,0,0,0,0,1,0,0,0,0,0,0,0,0,1,1,0,0,0
445,37.091,0.888,0.203,6.8,2.6,3,0,0,0,0,1,0,0,0,0,0,0,0,0,1,0,0,0,1
446,41.849,0.596,0.929,2.2,0.6,6,0,0,0,0,0,1,0,0,0,1,0,0,0,0,0,0,0,1
447,29.407,0.097,0.701,3.1,2,5,0,0,0,0,0,1,0,0,0,0,0,0,1,0,0,0,0,1
448,25.626,0.078,0.087,4.6,2.5,3,0,0,0,0,0,1,0,0,0,0,0,1,0,0,1,0,0,0
449,54.449,0.639,0.723,8.4,6.6,3,0,0,0,0,0,1,0,0,0,0,0,1,0,0,0,1,0,0
450,40.893,0.946,0.032,9.1,1.4,2,0,0,0,0,0,1,1,0,0,0,0,0,0,0,0,1,0,0
451,5.274,0.042,0.06,0,3.7,7,0,0,0,0,0,1,0,0,0,0,0,1,0,0,0,0,0,1
452,25.273,0.072,0.717,1.5,4.1,3,0,0,0,0,0,1,0,0,0,0,0,0,1,0,0,1,0,0
453,28.627,0.721,0.097,8.5,9.3,6,0,0,0,0,0,1,1,0,0,0,0,0,0,0,1,0,0,0
454,28.926,0.474,0.345,4.5,5.7,5,0,0,0,0,0,1,0,0,1,0,0,0,0,0,0,1,0,0
455,27.896,0.832,0.123,4.6,8.9,5,0,0,0,0,0,1,0,0,0,0,0,0,0,1,0,0,0,1
456,28.611,0.67,0.245,2.9,9.1,3,0,0,0,0,0,1,0,1,0,0,0,0,0,0,0,0,0,1
457,38.632,0.158,0.874,7.2,7.6,2,0,0,0,0,0,1,0,0,0,0,0,0,1,0,0,0,0,1
458,18.252,0.141,0.624,4.4,0.9,4,0,0,0,0,1,0,0,0,0,0,0,0,1,0,0,1,0,0
459,22.456,0.203,0.601,3.7,2.6,3,0,0,0,0,0,1,1,0,0,0,0,0,0,0,1,0,0,0
460,39.135,0.852,0.639,5,8.4,4,0,0,0,0,0,1,0,0,1,0,0,0,0,0,0,0,0,1
461,75.685,0.96,0.879,8.7,6.6,3,0,0,0,0,1,0,0,0,0,0,1,0,0,0,0,0,1,0
462,54.808,0.858,0.933,4.7,2,4,0,0,0,0,1,0,0,0,0,0,0,0,0,1,0,1,0,0
463,29.262,0.169,0.16,5,3.7,4,0,0,0,0,0,1,0,0,0,0,0,0,1,0,0,0,0,1
464,69.054,0.941,0.668,9.5,7.1,3,0,0,0,0,0,1,0,1,0,0,0,0,0,0,0,1,0,0
465,32.312,0.387,0.729,1.9,2.5,5,0,0,0,0,0,1,0,0,0,1,0,0,0,0,0,1,0,0
466,33.945,0.797,0.149,6.6,1.5,2,0,0,0,0,0,1,0,0,0,0,0,0,0,1,0,0,1,0
467,22.147,0.238,0.142,3.7,4.7,4,0,0,0,0,0,1,0,0,0,0,0,1,0,0,0,0,0,1
468,20.689,0.753,0.346,0.1,3.1,7,0,0,0,0,0,1,0,0,1,0,0,0,0,0,0,0,0,1
469,22.074,0.169,0.211,7.1,11.2,5,0,0,0,0,0,1,0,0,0,0,0,0,0,1,1,0,0,0
470,25.847,0.305,0.323,2.6,5.5,7,0,0,0,0,0,1,0,0,1,0,0,0,0,0,0,0,0,1
471,13.392,0.067,0.734,1,3.8,4,0,0,0,0,0,1,0,0,0,0,0,0,0,1,1,0,0,0
472,35.723,0.636,0.187,7.9,0.4,3,0,0,0,0,1,0,0,0,0,0,1,0,0,0,0,1,0,0
473,52.059,0.908,0.537,9.5,10.5,5,0,0,0,0,0,1,0,0,0,0,0,0,0,1,0,0,1,0
474,29.236,0.257,0.049,5.7,11.6,2,0,0,0,0,0,1,0,0,0,0,0,0,1,0,0,0,0,1
475,41.113,0.905,0.248,3.4,8.5,4,0,0,0,0,0,1,0,0,0,0,0,0,1,0,0,0,0,1
476,16.255,0.282,0.471,1.4,0.5,4,0,0,0,0,0,1,0,0,0,1,0,0,0,0,0,1,0,0
477,28.761,0.784,0.214,1.9,8.6,4,0,0,0,0,0,1,1,0,0,0,0,0,0,0,0,0,0,1
478,11.415,0.236,0.036,2.2,4.7,3,0,0,0,0,1,0,0,0,0,1,0,0,0,0,0,0,0,1
479,26.081,0.065,0.131,7.1,11.2,3,0,0,0,0,0,1,0,0,1,0,0,0,0,0,0,1,0,0
480,25.052,0.121,0.831,3.3,8.6,5,0,0,0,0,1,0,0,0,0,0,0,1,0,0,0,0,1,0
481,26.063,0.124,0.467,1.5,3.9,1,0,0,0,0,0,1,0,0,0,0,0,0,1,0,0,0,0,1
482,13.673,0.219,0.366,4,9,4,0,0,0,0,0,1,0,0,0,1,0,0,0,0,0,0,1,0
483,36.352,0.204,0.923,3.8,4,3,0,0,0,0,0,1,0,1,0,0,0,0,0,0,0,0,0,1
484,30.228,0.085,0.804,7.8,10.8,3,0,0,0,0,0,1,0,0,1,0,0,0,0,0,0,1,0,0
485,16.561,0.104,0.307,8.3,3.9,4,0,0,0,0,0,1,0,0,0,0,0,1,0,0,0,0,0,1
486,68.478,0.893,0.86,7.3,6.3,4,0,0,0,0,0,1,0,1,0,0,0,0,0,0,0,1,0,0
487,41.143,0.978,0.131,9.4,7.3,6,0,0,0,0,0,1,0,0,1,0,0,0,0,0,0,1,0,0
488,13.464,0.427,0.234,0.9,9.5,3,0,0,0,0,1,0,0,0,0,0,0,0,0,1,0,1,0,0
489,30.528,0.913,0.35,3.6,10.1,4,0,0,0,0,1,0,0,0,1,0,0,0,0,0,0,0,0,1
490,57.126,0.498,0.895,8,6.1,2,0,0,0,0,0,1,0,0,0,0,1,0,0,0,0,0,0,1
491,23.34,0.095,0.424,0.7,4.2,3,0,0,0,0,0,1,0,0,0,0,0,0,1,0,0,0,0,1
492,38.005,0.32,0.895,5.6,9.2,3,0,0,0,0,0,1,0,0,0,0,1,0,0,0,0,0,0,1
493,35.185,0.809,0.238,3.4,4.5,3,0,0,0,0,0,1,1,0,0,0,0,0,0,0,0,1,0,0
494,16.162,0.479,0.104,0.8,1.3,3,0,0,0,0,0,1,1,0,0,0,0,0,0,0,0,0,1,0
495,17.564,0.093,0.131,3.8,4.8,3,0,0,0,0,0,1,0,0,0,0,0,0,0,1,0,0,0,1
496,47.604,0.713,0.828,3.8,0.6,4,0,0,0,0,0,1,0,0,0,0,1,0,0,0,1,0,0,0
497,28.127,0.548,0.307,3,1,6,0,0,0,0,1,0,0,0,0,0,1,0,0,0,0,1,0,0
498,32.121,0.758,0.319,5.8,10,8,0,0,0,0,1,0,0,0,0,0,0,0,0,1,0,0,0,1
499,25.856,0.346,0.135,1.1,6,3,0,0,0,0,0,1,0,0,1,0,0,0,0,0,0,0,0,1
500,46.855,0.874,0.689,5,5,4,0,0,0,0,0,1,0,0,0,1,0,0,0,0,0,1,0,0
501,54.969,0.813,0.864,4.5,11.5,3,0,0,0,0,1,0,0,0,0,1,0,0,0,0,0,0,0,1
502,55.516,0.765,0.812,4.5,2.7,4,0,0,0,0,0,1,0,0,0,0,0,0,1,0,0,0,0,1
503,47.632,0.958,0.507,7,4.9,3,0,0,0,0,0,1,0,0,1,0,0,0,0,0,0,0,1,0
504,35.677,0.301,0.224,7.6,7.6,3,0,0,0,0,0,1,0,0,1,0,0,0,0,0,0,0,0,1
505,30.261,0.102,0.675,9.1,11.8,2,0,0,0,0,0,1,0,0,1,0,0,0,0,0,0,1,0,0
506,37.323,0.496,0.802,2.4,1.5,4,0,0,0,0,0,1,0,0,0,0,1,0,0,0,0,0,0,1
507,35.711,0.814,0.088,6,8.7,5,0,0,0,0,1,0,1,0,0,0,0,0,0,0,0,1,0,0
508,37.454,0.26,0.183,9.2,6.8,3,0,0,0,0,0,1,0,0,0,0,1,0,0,0,0,0,0,1
509,14.622,0.18,0.063,1.5,8.5,3,0,0,0,0,0,1,0,0,1,0,0,0,0,0,0,0,0,1
510,17.433,0.156,0.475,3.7,1.3,3,0,0,0,0,0,1,1,0,0,0,0,0,0,0,0,0,0,1
511,32.666,0.102,0.171,7.9,11.4,3,0,0,0,0,0,1,0,0,1,0,0,0,0,0,0,0,0,1
512,34.418,0.156,0.63,8.8,2.9,3,0,0,0,0,0,1,0,0,1,0,0,0,0,0,0,1,0,0
513,25.718,0.063,0.107,3.3,1.2,3,0,0,0,0,0,1,0,0,0,0,0,0,0,1,0,0,0,1
514,38.277,0.56,0.418,4.6,6.1,4,0,0,0,0,0,1,0,0,0,1,0,0,0,0,0,0,1,0
515,43.101,0.87,0.204,9,11.4,7,0,0,0,0,0,1,1,0,0,0,0,0,0,0,0,1,0,0
516,37.434,0.851,0.398,0.9,5.6,3,0,0,0,0,1,0,0,0,0,1,0,0,0,0,0,0,1,0
517,29.867,0.132,0.193,4.4,7.5,3,0,0,0,0,1,0,0,0,1,0,0,0,0,0,1,0,0,0
518,23.63,0.077,0.039,3.4,5.4,5,0,0,0,0,0,1,1,0,0,0,0,0,0,0,0,0,0,1
519,32.851,0.109,0.916,3.5,11.8,4,0,0,0,0,0,1,0,0,0,0,1,0,0,0,0,1,0,0
520,27.585,0.231,0.886,1.1,1.5,3,0,0,0,0,1,0,0,0,0,0,0,0,0,1,0,0,1,0
521,76.529,0.944,0.853,9.2,10,4,0,0,0,0,0,1,0,0,0,0,1,0,0,0,1,0,0,0
522,33.93,0.318,0.586,4.5,7.6,3,0,0,0,0,1,0,0,0,0,0,0,0,0,1,0,1,0,0
523,38.686,0.706,0.343,2.1,7.9,3,0,0,0,0,0,1,0,0,0,0,1,0,0,0,0,0,0,1
524,67.395,0.993,0.784,8.1,8.4,6,0,0,0,0,0,1,0,1,0,0,0,0,0,0,0,1,0,0
525,17.397,0.088,0.034,2.9,0.8,6,0,0,0,0,0,1,0,0,1,0,0,0,0,0,1,0,0,0
526,71.423,0.71,0.965,9,6.6,2,0,0,0,0,0,1,0,0,1,0,0,0,0,0,0,0,1,0
527,56.269,0.924,0.572,8.7,3.7,6,0,0,0,0,0,1,1,0,0,0,0,0,0,0,1,0,0,0
528,31.389,0.465,0.738,0.9,8.9,5,0,0,0,0,1,0,0,0,1,0,0,0,0,0,0,0,0,1
529,51.927,0.857,0.755,4.7,4.9,4,0,0,0,0,0,1,0,0,0,0,0,0,0,1,0,1,0,0
530,39.544,0.681,0.401,0.5,3.5,3,0,0,0,0,0,1,0,0,0,1,0,0,0,0,0,0,0,1
531,27.954,0.853,0.137,5.3,3.2,3,0,0,0,0,1,0,0,0,1,0,0,0,0,0,0,0,1,0
532,49.599,0.922,0.766,3.2,1.8,5,0,0,0,0,1,0,0,0,0,0,1,0,0,0,0,0,1,0
533,28.365,0.164,0.819,5.7,10.4,6,0,0,0,0,0,1,0,0,1,0,0,0,0,0,0,0,0,1
534,39.718,0.947,0.224,8.3,2.6,5,0,0,0,0,0,1,1,0,0,0,0,0,0,0,1,0,0,0
535,58.447,0.578,0.904,2.5,9.1,1,0,0,0,0,0,1,0,0,0,0,1,0,0,0,0,1,0,0
536,36.158,0.819,0.209,5.4,7.7,3,0,0,0,0,1,0,1,0,0,0,0,0,0,0,0,1,0,0
537,31.509,0.457,0.791,0.8,4,4,0,0,0,0,0,1,0,0,0,1,0,0,0,0,1,0,0,0
538,45.31,0.21,0.917,7.5,2.4,2,0,0,0,0,0,1,0,0,0,0,1,0,0,0,0,1,0,0
539,26.512,0.376,0.046,1.8,5.3,4,0,0,0,0,0,1,0,0,0,0,1,0,0,0,1,0,0,0
540,38.375,0.87,0.306,7,10.4,4,0,0,0,0,0,1,0,0,0,1,0,0,0,0,0,0,1,0
541,43.712,0.43,0.793,0.9,6.4,2,0,0,0,0,0,1,0,1,0,0,0,0,0,0,0,0,0,1
542,50.064,0.645,0.522,5.6,4.5,1,0,0,0,0,0,1,0,0,0,0,0,0,1,0,0,1,0,0
543,20.307,0.342,0.146,5.1,0.1,4,0,0,0,0,0,1,1,0,0,0,0,0,0,0,0,0,0,1
544,53.837,0.663,0.93,2.7,6.6,4,0,0,0,0,0,1,0,1,0,0,0,0,0,0,0,0,0,1
545,53.873,0.666,0.897,8,8.6,4,0,0,0,0,0,1,0,0,0,0,0,0,0,1,0,1,0,0
546,26.671,0.725,0.107,4,9.6,3,0,0,0,0,0,1,1,0,0,0,0,0,0,0,0,1,0,0
547,45.265,0.853,0.314,8.5,10.9,3,0,0,0,0,1,0,0,0,0,1,0,0,0,0,0,0,0,1
548,49.657,0.442,0.511,8,10.6,2,0,0,0,0,0,1,0,0,0,0,0,0,1,0,0,1,0,0
549,33.758,0.291,0.842,5.1,5.6,5,0,0,0,0,0,1,0,0,0,0,0,1,0,0,0,1,0,0
550,41.591,0.821,0.296,2.9,8,4,0,0,0,0,0,1,0,0,0,0,1,0,0,0,0,1,0,0
551,31.282,0.341,0.197,7.8,4.3,6,0,0,0,0,0,1,0,0,1,0,0,0,0,0,1,0,0,0
552,33.144,0.642,0.035,8.1,4.5,3,0,0,0,0,0,1,1,0,0,0,0,0,0,0,0,0,0,1
553,29.642,0.305,0.656,1,1.8,5,0,0,0,0,0,1,0,0,1,0,0,0,0,0,0,1,0,0
554,34.191,0.792,0.436,2.8,10.2,4,0,0,0,0,0,1,0,0,0,1,0,0,0,0,0,0,1,0
555,65.631,0.913,0.694,9.2,2.4,3,0,0,0,0,0,1,0,0,0,0,0,0,1,0,0,1,0,0
556,61.535,0.801,0.692,9.5,8.9,3,0,0,0,0,0,1,0,0,1,0,0,0,0,0,0,1,0,0
557,40.082,0.39,0.634,2.3,11.1,5,0,0,0,0,0,1,0,0,0,0,0,0,1,0,0,0,0,1
558,20.851,0.071,0.079,6.1,2,3,0,0,0,0,0,1,0,0,0,0,0,0,0,1,0,1,0,0
559,35.941,0.21,0.888,3.3,3.1,2,0,0,0,0,0,1,0,0,0,0,0,0,1,0,0,0,1,0
560,18.831,0.15,0.629,2.2,0.4,7,0,0,0,0,0,1,0,0,0,0,0,0,1,0,1,0,0,0
561,23.791,0.8,0.068,5.4,9.6,5,0,0,0,0,0,1,1,0,0,0,0,0,0,0,1,0,0,0
562,34.734,0.666,0.846,1.9,0.8,3,0,0,0,0,0,1,0,0,0,1,0,0,0,0,0,0,0,1
563,35.15,0.638,0.517,4.8,11.6,3,0,0,0,0,0,1,1,0,0,0,0,0,0,0,0,0,1,0
564,40.106,0.554,0.889,5.4,9.6,5,0,0,0,0,0,1,0,0,0,1,0,0,0,0,0,0,1,0
565,23.351,0.255,0.869,0.6,0.5,4,0,0,0,0,0,1,0,1,0,0,0,0,0,0,0,1,0,0
566,41.311,0.751,0.522,8.5,1.4,4,0,0,0,0,0,1,0,0,0,1,0,0,0,0,0,0,0,1
567,28.189,0.104,0.771,8.2,3.5,3,0,0,0,0,0,1,0,0,1,0,0,0,0,0,0,0,0,1
568,35.993,0.864,0.066,7.3,10.5,5,0,0,0,0,0,1,0,0,0,0,0,0,1,0,1,0,0,0
569,45.461,0.41,0.927,6.7,10.8,3,0,0,0,0,1,0,0,0,0,1,0,0,0,0,0,0,1,0
570,46.498,0.922,0.795,2.4,8.6,5,0,0,0,0,0,1,0,0,0,0,0,0,0,1,0,1,0,0
571,28.273,0.823,0.072,5.4,0.2,6,0,0,0,0,0,1,0,0,0,0,1,0,0,0,1,0,0,0
572,38.362,0.952,0.202,7.3,4.3,3,0,0,0,0,0,1,0,0,0,0,0,0,0,1,0,1,0,0
573,27.312,0.192,0.581,6.9,3.9,4,0,0,0,0,0,1,0,0,1,0,0,0,0,0,0,0,0,1
574,61.886,0.89,0.705,8,4.4,5,0,0,0,0,0,1,0,0,0,0,0,0,1,0,0,1,0,0
575,19.464,0.081,0.702,1.5,4.2,6,0,0,0,0,0,1,0,0,0,0,1,0,0,0,1,0,0,0
576,20.85,0.146,0.064,1.5,5.3,3,0,0,0,0,0,1,0,0,0,0,1,0,0,0,1,0,0,0
577,42.091,0.182,0.929,5.9,11.2,3,0,0,0,0,0,1,0,1,0,0,0,0,0,0,0,0,0,1
578,21.596,0.23,0.318,5.5,5.8,3,0,0,0,0,0,1,0,0,0,1,0,0,0,0,0,0,0,1
579,26.1,0.213,0.356,3.8,2.5,3,0,0,0,0,1,0,0,0,1,0,0,0,0,0,1,0,0,0
580,68.024,0.781,0.976,6.3,11.3,4,0,0,0,0,0,1,0,0,0,0,1,0,0,0,0,0,0,1
581,43.765,0.923,0.309,9.4,3.8,3,0,0,0,0,0,1,1,0,0,0,0,0,0,0,1,0,0,0
582,65.148,0.912,0.964,3.4,3.2,3,0,0,0,0,0,1,0,1,0,0,0,0,0,0,0,1,0,0
583,56.325,0.907,0.898,6.3,2.5,5,0,0,0,0,0,1,0,0,0,1,0,0,0,0,0,1,0,0
584,51.276,0.874,0.715,6.8,11.8,4,0,0,0,0,1,0,1,0,0,0,0,0,0,0,0,0,1,0
585,21.328,0.482,0.272,2.6,6.1,5,0,0,0,0,0,1,0,0,0,0,0,0,0,1,1,0,0,0
586,29.033,0.209,0.501,5.5,7.9,2,0,0,0,0,0,1,0,0,1,0,0,0,0,0,0,0,1,0
587,33.792,0.633,0.109,7.8,5.1,4,0,0,0,0,0,1,0,0,0,0,0,1,0,0,0,0,0,1
588,27.622,0.074,0.68,3.1,2,3,0,0,0,0,1,0,0,0,0,0,0,0,0,1,0,1,0,0
589,39.879,0.828,0.154,8.9,9.3,3,0,0,0,0,0,1,0,0,0,0,0,0,0,1,0,1,0,0
590,55.521,0.812,0.906,6.2,3.9,6,0,0,0,0,1,0,1,0,0,0,0,0,0,0,0,0,1,0
591,28.402,0.654,0.075,5.5,4,5,0,0,0,0,0,1,0,0,0,0,0,0,1,0,1,0,0,0
592,33.553,0.713,0.134,9.3,7.6,8,0,0,0,0,0,1,1,0,0,0,0,0,0,0,1,0,0,0
593,29.104,0.208,0.565,2.6,9,2,0,0,0,0,0,1,0,1,0,0,0,0,0,0,0,1,0,0
594,42.292,0.938,0.181,8.4,5.7,4,0,0,0,0,1,0,0,0,1,0,0,0,0,0,0,1,0,0
595,42.525,0.315,0.978,5.3,8.4,4,0,0,0,0,0,1,0,0,0,0,1,0,0,0,0,1,0,0
596,23.926,0.131,0.777,1.2,2.1,3,0,0,0,0,0,1,0,0,0,0,0,0,1,0,0,1,0,0
597,28.667,0.201,0.872,1,9.9,3,0,0,0,0,0,1,0,0,0,0,0,0,1,0,0,0,1,0
598,23.707,0.577,0.292,3.5,4.4,7,0,0,0,0,0,1,0,0,0,0,0,0,0,1,0,0,0,1
599,19.648,0.066,0.079,9.4,2.6,2,0,0,0,0,0,1,0,0,0,0,0,0,0,1,0,1,0,0
600,33.493,0.946,0.168,7.2,11,7,0,0,0,0,0,1,0,0,0,0,0,0,0,1,0,1,0,0
601,34.562,0.376,0.351,5.4,2.9,3,0,0,0,0,0,1,0,0,0,0,1,0,0,0,0,0,0,1
602,42.66,0.924,0.595,2.9,3.7,3,0,0,0,0,0,1,0,0,1,0,0,0,0,0,0,0,0,1
603,35.572,0.664,0.517,2.6,1.2,3,0,0,0,0,0,1,0,0,0,0,1,0,0,0,0,1,0,0
604,43.469,0.207,0.868,7.5,1.6,2,0,0,0,0,0,1,0,1,0,0,0,0,0,0,0,0,0,1
605,59.924,0.711,0.893,8.4,6.2,5,0,0,0,0,0,1,0,0,0,1,0,0,0,0,0,0,1,0
606,20.846,0.166,0.095,4.4,4.5,4,0,0,0,0,0,1,0,0,1,0,0,0,0,0,0,1,0,0
607,25.51,0.109,0.601,1.5,1.7,4,0,0,0,0,0,1,0,0,0,0,0,0,1,0,1,0,0,0
608,69.237,0.709,0.929,9,11.1,5,0,0,0,0,0,1,0,0,0,0,1,0,0,0,0,0,1,0
609,26.739,0.065,0.092,6.8,8,3,0,0,0,0,0,1,0,0,0,0,0,1,0,0,0,1,0,0
610,60.086,0.801,0.836,8.9,5.6,4,0,0,0,0,1,0,0,0,0,0,0,1,0,0,0,1,0,0
611,19.792,0.825,0.304,1.8,2.7,5,0,0,0,0,0,1,0,0,0,1,0,0,0,0,0,1,0,0
612,47.398,0.471,0.87,1,1.3,2,0,0,0,0,0,1,0,0,0,0,1,0,0,0,0,0,1,0
613,40.927,0.846,0.079,5.9,6,3,0,0,0,0,0,1,0,0,0,0,0,0,1,0,0,0,1,0
614,28.223,0.63,0.05,4.4,8.3,4,0,0,0,0,0,1,0,0,1,0,0,0,0,0,1,0,0,0
615,43.129,0.251,0.828,8.7,5.7,5,0,0,0,0,0,1,0,0,1,0,0,0,0,0,1,0,0,0
616,51.092,0.633,0.908,7.2,5.1,9,0,0,0,0,1,0,0,0,0,0,0,1,0,0,0,0,1,0
617,55.411,0.581,0.804,8.4,4.9,4,0,0,0,0,0,1,0,0,0,0,1,0,0,0,0,0,1,0
618,34.133,0.934,0.309,4.6,2.7,6,0,0,0,0,0,1,0,0,1,0,0,0,0,0,0,0,0,1
619,37.872,0.72,0.246,6.3,5.6,5,0,0,0,0,0,1,1,0,0,0,0,0,0,0,0,1,0,0
620,38.436,0.259,0.053,9.7,9.5,4,0,0,0,0,0,1,0,0,0,1,0,0,0,0,0,0,0,1
621,33.869,0.042,0.96,0.7,3.2,5,0,0,0,0,0,1,0,1,0,0,0,0,0,0,1,0,0,0
622,57.836,0.875,0.927,5.1,11.1,6,0,0,0,0,0,1,0,0,1,0,0,0,0,0,0,0,1,0
623,45.027,0.97,0.176,9.5,3.1,6,0,0,0,0,0,1,1,0,0,0,0,0,0,0,0,0,1,0
624,24.116,0.145,0.038,7.6,8.9,4,0,0,0,0,1,0,0,0,0,0,0,1,0,0,1,0,0,0
625,45.084,0.532,0.845,2.8,8,5,0,0,0,0,0,1,0,0,0,0,0,0,0,1,0,0,0,1
626,41.421,0.961,0.312,6.4,1.7,6,0,0,0,0,0,1,0,0,0,0,0,1,0,0,0,1,0,0
627,52.133,0.767,0.245,7.9,9.6,3,0,0,0,0,0,1,0,1,0,0,0,0,0,0,0,0,0,1
628,46.977,0.984,0.143,9.1,8.9,4,0,0,0,0,0,1,0,0,1,0,0,0,0,0,0,0,0,1
629,50.453,0.145,0.937,9.3,7.8,3,0,0,0,0,0,1,0,1,0,0,0,0,0,0,0,0,0,1
630,56.63,0.967,0.623,8.4,10.8,4,0,0,0,0,0,1,0,0,0,0,0,0,0,1,0,0,1,0
631,74.14,0.934,0.961,6.3,8.5,8,0,0,0,0,0,1,0,0,0,0,1,0,0,0,0,0,0,1
632,68.485,0.801,0.852,5.3,8.1,3,0,0,0,0,0,1,0,0,0,0,0,0,1,0,0,1,0,0
633,60.993,0.905,0.847,0.2,5.8,4,0,0,0,0,0,1,0,0,0,0,0,0,1,0,0,1,0,0
634,39.832,0.407,0.517,6.4,2.1,3,0,0,0,0,0,1,0,0,0,0,0,0,1,0,0,0,1,0
635,30.119,0.85,0.296,2,2,4,0,0,0,0,0,1,1,0,0,0,0,0,0,0,0,1,0,0
636,29.033,0.895,0.29,1.4,0.2,4,0,0,0,0,0,1,0,0,0,0,0,0,0,1,0,0,0,1
637,40.873,0.686,0.091,7.4,10.6,3,0,0,0,0,0,1,1,0,0,0,0,0,0,0,0,0,1,0
638,39.6,0.428,0.165,8.1,5.2,2,0,0,0,0,0,1,0,0,0,0,0,0,1,0,0,0,0,1
639,30.581,0.762,0.085,3.7,4.9,4,0,0,0,0,1,0,0,0,1,0,0,0,0,0,0,0,0,1
640,45.851,0.649,0.114,9.4,6.4,1,0,0,0,0,0,1,0,0,0,1,0,0,0,0,0,1,0,0
641,38.303,0.09,0.952,3.3,4.9,2,0,0,0,0,0,1,0,0,0,0,1,0,0,0,0,0,1,0
642,36.953,0.098,0.812,7,5.9,1,0,0,0,0,0,1,1,0,0,0,0,0,0,0,0,1,0,0
643,48.671,0.888,0.717,2,6.4,4,0,0,0,0,0,1,0,0,1,0,0,0,0,0,0,1,0,0
644,51.908,0.988,0.578,6.4,4.9,4,0,0,0,0,0,1,0,0,0,0,0,1,0,0,0,1,0,0
645,46.055,0.494,0.858,6.9,4.2,4,0,0,0,0,0,1,0,0,0,0,0,0,0,1,0,1,0,0
646,32.545,0.125,0.859,1.1,5.2,2,0,0,0,0,1,0,0,0,0,0,0,0,1,0,0,1,0,0
647,50.35,0.711,0.184,9.1,2.8,1,0,0,0,0,0,1,0,0,0,0,0,0,1,0,0,0,0,1
648,71.503,0.971,0.959,4.7,5.2,5,0,0,0,0,0,1,0,0,0,0,1,0,0,0,0,0,0,1
649,67.326,0.961,0.952,6.8,0.8,5,0,0,0,0,1,0,0,0,0,0,1,0,0,0,0,1,0,0
650,27.622,0.084,0.832,5.1,8.6,6,0,0,0,0,0,1,0,0,1,0,0,0,0,0,1,0,0,0
651,26.014,0.115,0.743,2.5,8.4,6,0,0,0,0,1,0,0,0,0,0,0,0,1,0,0,0,0,1
652,63.461,0.791,0.712,7.6,4.5,3,0,0,0,0,1,0,0,0,0,0,1,0,0,0,0,0,0,1
653,48.339,0.903,0.184,7.2,10.7,4,0,0,0,0,0,1,0,0,0,0,1,0,0,0,1,0,0,0
654,35.742,0.109,0.669,8.4,10.1,3,0,0,0,0,0,1,1,0,0,0,0,0,0,0,0,1,0,0
655,52.167,0.359,0.965,5.6,11.6,3,0,0,0,0,0,1,0,0,0,0,1,0,0,0,0,0,1,0
656,43.992,0.925,0.14,9.3,7.3,3,0,0,0,0,1,0,1,0,0,0,0,0,0,0,0,0,1,0
657,46.839,0.792,0.25,7.4,6.1,4,0,0,0,0,0,1,0,0,0,1,0,0,0,0,0,0,0,1
658,27.088,0.26,0.144,2.3,5.2,5,0,0,0,0,0,1,1,0,0,0,0,0,0,0,1,0,0,0
659,34.986,0.215,0.914,2.5,4.2,5,0,0,0,0,0,1,0,0,0,0,1,0,0,0,0,0,0,1
660,79.474,0.9,0.948,8.7,10.7,4,0,0,0,0,0,1,0,1,0,0,0,0,0,0,0,0,0,1
661,64.447,0.746,0.941,6.3,2.8,3,0,0,0,0,0,1,0,0,0,0,0,0,1,0,0,0,1,0
662,24.648,0.024,0.943,2.3,8.4,3,0,0,0,0,0,1,0,0,0,0,0,0,0,1,0,0,0,1
663,26.014,0.653,0.647,3.2,0.2,7,0,0,0,0,0,1,0,0,1,0,0,0,0,0,1,0,0,0
664,23.714,0.3,0.414,2.8,3.9,3,0,0,0,0,0,1,0,0,1,0,0,0,0,0,0,1,0,0
665,44.639,0.144,0.756,9.4,9.9,3,0,0,0,0,0,1,0,0,0,0,0,0,1,0,0,0,0,1
666,37.863,0.781,0.262,1.8,10.7,3,0,0,0,0,0,1,0,0,0,0,0,0,1,0,0,1,0,0
667,20.819,0.113,0.925,2.7,1.5,6,0,0,0,0,0,1,0,0,0,0,0,0,0,1,0,1,0,0
668,28.177,0.449,0.68,5.3,2,4,0,0,0,0,0,1,0,0,0,1,0,0,0,0,0,1,0,0
669,29.753,0.321,0.631,8.5,2.1,4,0,0,0,0,0,1,0,0,1,0,0,0,0,0,0,1,0,0
670,58.226,0.976,0.671,9.4,8.3,6,0,0,0,0,0,1,0,0,0,0,0,0,0,1,0,0,0,1
671,47.388,0.409,0.718,8.6,11.5,3,0,0,0,0,0,1,0,0,1,0,0,0,0,0,0,1,0,0
672,19.143,0.136,0.153,2.8,7.7,4,0,0,0,0,0,1,0,0,0,0,1,0,0,0,0,0,0,1
673,58.784,0.932,0.861,2.1,1.1,3,0,0,0,0,0,1,0,1,0,0,0,0,0,0,0,1,0,0
674,22.047,0.366,0.118,2.7,1.2,3,0,0,0,0,1,0,0,0,0,0,0,0,1,0,1,0,0,0
675,22.32,0.212,0.202,1.4,0.9,3,0,0,0,0,1,0,0,0,0,0,1,0,0,0,1,0,0,0
676,59.118,0.909,0.896,2.8,3,3,0,0,0,0,0,1,0,0,0,1,0,0,0,0,0,0,0,1
677,25.223,0.281,0.204,8.5,9.8,3,0,0,0,0,1,0,0,0,0,0,0,0,0,1,0,0,0,1
678,36.404,0.353,0.678,7,6.7,3,0,0,0,0,0,1,0,0,0,0,0,0,0,1,0,1,0,0
679,30.656,0.111,0.991,2,10.5,3,0,0,0,0,0,1,0,0,0,0,0,0,0,1,0,0,1,0
680,68.74,0.864,0.804,9.5,6.6,3,0,0,0,0,0,1,0,0,1,0,0,0,0,0,0,0,0,1
681,44.598,0.91,0.541,6.2,10.8,5,0,0,0,0,0,1,0,0,0,0,0,0,0,1,0,1,0,0
682,20.529,0.116,0.632,2.9,6.4,5,0,0,0,0,0,1,0,0,0,0,0,0,1,0,1,0,0,0
683,34.237,0.098,0.938,7.6,9.6,2,0,0,0,0,1,0,0,0,1,0,0,0,0,0,0,0,1,0
684,24.836,0.841,0.08,3.5,9.2,4,0,0,0,0,0,1,1,0,0,0,0,0,0,0,0,1,0,0
685,22.506,0.145,0.529,1.6,8.8,3,0,0,0,0,0,1,1,0,0,0,0,0,0,0,0,1,0,0
686,18.09,0.114,0.224,0.8,1.2,3,0,0,0,0,0,1,0,0,0,0,0,0,0,1,0,0,0,1
687,67.765,0.96,0.935,7.4,9.3,4,0,0,0,0,0,1,0,0,0,0,0,0,0,1,0,0,1,0
688,56.266,0.805,0.552,7.8,9.1,3,0,0,0,0,0,1,0,0,0,0,1,0,0,0,0,0,1,0
689,17.91,0.439,0.087,6,1.1,4,0,0,0,0,1,0,0,0,0,0,0,1,0,0,1,0,0,0
690,19.394,0.115,0.823,2,2.5,4,0,0,0,0,0,1,1,0,0,0,0,0,0,0,0,1,0,0
691,58.428,0.896,0.757,8.6,7.9,4,0,0,0,0,0,1,1,0,0,0,0,0,0,0,0,0,1,0
692,39.626,0.665,0.705,2.1,3.3,4,0,0,0,0,1,0,0,0,0,0,0,0,0,1,0,1,0,0
693,56.501,0.577,0.85,6.5,7,3,0,0,0,0,0,1,0,0,0,0,0,0,1,0,0,0,0,1
694,27.241,0.639,0.193,5.7,0.5,3,0,0,0,0,0,1,1,0,0,0,0,0,0,0,0,1,0,0
695,55.142,0.913,0.257,9.6,7.6,3,0,0,0,0,0,1,0,0,0,0,1,0,0,0,0,1,0,0
696,36.344,0.713,0.252,7.6,1.6,3,0,0,0,0,0,1,0,0,0,0,0,0,1,0,0,0,0,1
697,38.547,0.582,0.422,9.6,8.7,5,0,0,0,0,0,1,0,0,0,0,0,0,0,1,0,1,0,0
698,29.166,0.589,0.403,2.3,2.7,4,0,0,0,0,0,1,0,0,0,0,0,0,1,0,0,0,0,1
699,38.612,0.118,0.781,8.2,3.6,4,0,0,0,0,0,1,0,0,0,0,0,0,1,0,0,0,0,1
700,36.793,0.882,0.074,7,10.1,3,0,0,0,0,0,1,0,0,0,0,0,1,0,0,0,1,0,0
701,42.625,0.693,0.474,4.6,11,3,0,0,0,0,0,1,0,0,0,0,1,0,0,0,0,1,0,0
702,39.849,0.637,0.07,9,9.9,3,0,0,0,0,0,1,0,0,0,1,0,0,0,0,0,1,0,0
703,58.232,0.722,0.831,4,8.8,1,0,0,0,0,0,1,0,0,0,0,1,0,0,0,0,0,1,0
704,41.292,0.803,0.187,5.5,8.4,4,0,0,0,0,1,0,0,0,0,0,1,0,0,0,1,0,0,0
705,35.843,0.176,0.934,2.7,7,2,0,0,0,0,1,0,0,0,0,0,1,0,0,0,0,1,0,0
706,25.632,0.473,0.15,0.7,3.2,5,0,0,0,0,0,1,0,0,0,1,0,0,0,0,0,0,0,1
707,44.806,0.861,0.358,5.7,9.8,7,0,0,0,0,1,0,0,1,0,0,0,0,0,0,0,0,0,1
708,10.862,0.146,0.664,0.4,0.1,5,0,0,0,0,0,1,0,0,0,0,0,0,0,1,1,0,0,0
709,36.965,0.942,0.536,3.6,1.5,5,0,0,0,0,0,1,0,0,1,0,0,0,0,0,0,1,0,0
710,25.558,0.118,0.674,7,11.3,4,0,0,0,0,1,0,1,0,0,0,0,0,0,0,0,0,0,1
711,18.125,0.04,0.04,1,0.6,3,0,0,0,0,0,1,1,0,0,0,0,0,0,0,0,0,0,1
712,21.228,0.194,0.165,1.4,1,6,0,0,0,0,0,1,0,0,0,1,0,0,0,0,0,0,1,0
713,52.027,0.969,0.869,3.5,3,5,0,0,0,0,0,1,0,0,0,0,0,0,0,1,0,1,0,0
714,37.637,0.881,0.561,5.7,0.4,4,0,0,0,0,0,1,0,0,0,0,0,1,0,0,1,0,0,0
715,44.756,0.851,0.262,5.8,11.8,2,0,0,0,0,0,1,0,1,0,0,0,0,0,0,0,0,0,1
716,38.016,0.649,0.858,1.3,0.9,4,0,0,0,0,0,1,1,0,0,0,0,0,0,0,0,0,1,0
717,62.685,0.915,0.798,3.7,10.2,3,0,0,0,0,0,1,0,0,0,0,1,0,0,0,0,0,1,0
718,22.067,0.163,0.077,1.6,1.9,3,0,0,0,0,0,1,0,1,0,0,0,0,0,0,1,0,0,0
719,20.211,0.132,0.406,2.2,7.1,4,0,0,0,0,0,1,0,0,0,0,1,0,0,0,0,1,0,0
720,12.772,0.045,0.238,1.5,3.9,4,0,0,0,0,0,1,0,0,0,0,0,0,0,1,1,0,0,0
721,28.366,0.842,0.116,7.4,11.7,7,0,0,0,0,0,1,0,0,1,0,0,0,0,0,1,0,0,0
722,41.669,0.614,0.134,8.9,5.2,3,0,0,0,0,1,0,0,0,1,0,0,0,0,0,0,1,0,0
723,43.785,0.969,0.343,8.8,8.8,6,0,0,0,0,1,0,1,0,0,0,0,0,0,0,0,0,0,1
724,25.18,0.663,0.074,7.2,1.4,3,0,0,0,0,0,1,1,0,0,0,0,0,0,0,0,1,0,0
725,70.128,0.903,0.977,8.1,10.9,4,0,0,0,0,0,1,0,0,0,0,0,0,0,1,0,0,1,0
726,41.296,0.614,0.673,2.6,10.6,2,0,0,0,0,1,0,0,0,1,0,0,0,0,0,0,1,0,0
727,15.493,0.233,0.225,5.3,1.7,5,0,0,0,0,0,1,0,0,1,0,0,0,0,0,0,0,0,1
728,55.611,0.785,0.842,6.5,8.8,3,0,0,0,0,0,1,1,0,0,0,0,0,0,0,0,1,0,0
729,37.235,0.241,0.857,1.4,6.2,3,0,0,0,0,0,1,0,0,0,0,1,0,0,0,0,0,0,1
730,63.967,0.736,0.79,9.6,6.1,4,0,0,0,0,0,1,0,0,0,0,1,0,0,0,0,0,0,1
731,28.988,0.554,0.266,2.3,3.5,2,0,0,0,0,0,1,0,1,0,0,0,0,0,0,1,0,0,0
732,10.005,0.088,0.062,4.3,0.7,4,0,0,0,0,0,1,0,0,0,0,0,0,0,1,0,0,0,1
733,12.191,0.333,0.76,1.8,0.6,7,0,0,0,0,0,1,0,0,0,1,0,0,0,0,0,0,0,1
734,38.199,0.17,0.235,9.1,7,3,0,0,0,0,0,1,0,0,0,0,1,0,0,0,0,1,0,0
735,68,0.859,0.858,7.4,10.6,2,0,0,0,0,0,1,0,0,0,0,1,0,0,0,0,0,1,0
736,29.857,0.094,0.504,9.1,7.2,3,0,0,0,0,0,1,0,0,0,0,0,0,0,1,1,0,0,0
737,37.85,0.828,0.307,5.6,2.2,2,0,0,0,0,1,0,0,0,0,0,0,1,0,0,0,0,1,0
738,64.994,0.988,0.984,7.4,2.7,6,0,0,0,0,1,0,0,0,1,0,0,0,0,0,0,0,0,1
739,50.955,0.868,0.682,7.1,4.8,4,0,0,0,0,1,0,0,0,0,1,0,0,0,0,0,0,1,0
740,32.277,0.749,0.361,5.4,8.3,6,0,0,0,0,0,1,0,0,0,0,0,1,0,0,0,1,0,0
741,29.172,0.105,0.862,7.5,10,3,0,0,0,0,1,0,0,0,1,0,0,0,0,0,0,1,0,0
742,21.977,0.078,0.389,0.9,6.1,3,0,0,0,0,0,1,0,0,0,0,1,0,0,0,0,0,0,1
743,29.805,0.908,0.061,6.8,7.1,6,0,0,0,0,1,0,0,0,0,0,0,1,0,0,1,0,0,0
744,68.769,0.957,0.842,6.8,6.7,4,0,0,0,0,0,1,0,1,0,0,0,0,0,0,0,0,0,1
745,26.457,0.144,0.122,5.3,7.1,3,0,0,0,0,0,1,0,0,0,0,1,0,0,0,1,0,0,0
746,33.544,0.079,0.81,6.7,5.9,3,0,0,0,0,0,1,0,0,0,0,0,0,1,0,0,1,0,0
747,19.485,0.169,0.115,3.4,6.4,6,0,0,0,0,0,1,0,0,0,0,0,0,1,0,1,0,0,0
748,20.439,0.142,0.638,0.9,1.3,2,0,0,0,0,0,1,0,0,0,0,0,0,0,1,0,0,1,0
749,41.002,0.87,0.356,7.1,11,4,0,0,0,0,0,1,0,0,0,0,0,0,0,1,0,0,0,1
750,19.582,0.08,0.231,4.8,10.8,3,0,0,0,0,0,1,0,0,0,1,0,0,0,0,0,1,0,0
751,33.761,0.274,0.187,5.4,8.8,1,0,0,0,0,0,1,0,0,0,0,0,0,1,0,0,1,0,0
752,32.133,0.239,0.801,3.3,3.7,3,0,0,0,0,0,1,0,1,0,0,0,0,0,0,0,0,0,1
753,33.962,0.659,0.071,8.5,11.7,3,0,0,0,0,0,1,0,0,1,0,0,0,0,0,0,0,1,0
754,50.061,0.738,0.869,0.7,4.6,4,0,0,0,0,0,1,0,0,0,0,0,0,0,1,0,0,0,1
755,20.854,0.165,0.052,4.8,5.6,6,0,0,0,0,0,1,0,0,0,0,0,1,0,0,0,1,0,0
756,35.286,0.709,0.169,8.4,0.8,4,0,0,0,0,0,1,0,0,0,0,0,1,0,0,0,0,0,1
757,33.351,0.735,0.263,6.1,2,4,0,0,0,0,0,1,0,0,0,0,0,0,0,1,0,1,0,0
758,37.107,0.269,0.826,8.3,9.5,5,0,0,0,0,0,1,0,0,1,0,0,0,0,0,0,0,0,1
759,14.435,0.287,0.048,4.9,1.9,3,0,0,0,0,0,1,0,0,0,1,0,0,0,0,0,1,0,0
760,76.773,0.888,0.947,9.2,8.9,2,0,0,0,0,0,1,0,0,0,1,0,0,0,0,0,0,1,0
761,45.061,0.048,0.797,8.6,9.1,3,0,0,0,0,1,0,0,0,0,0,0,0,1,0,0,0,1,0
762,46.706,0.801,0.097,9.3,7.2,1,0,0,0,0,0,1,0,0,0,0,0,1,0,0,0,1,0,0
763,28.277,0.055,0.917,2.8,3.2,3,0,0,0,0,0,1,0,0,1,0,0,0,0,0,0,1,0,0
764,32.685,0.329,0.359,1.7,10.1,4,0,0,0,0,0,1,0,0,0,0,1,0,0,0,1,0,0,0
765,16.269,0.08,0.121,0.7,2.9,5,0,0,0,0,1,0,0,0,1,0,0,0,0,0,0,0,0,1
766,32.813,0.155,0.818,1.2,9.1,2,0,0,0,0,0,1,0,0,0,1,0,0,0,0,0,0,1,0
767,27.31,0.126,0.617,5.4,2,1,0,0,0,0,0,1,0,0,1,0,0,0,0,0,0,1,0,0
768,35.737,0.542,0.176,6.9,5.7,4,0,0,0,0,0,1,1,0,0,0,0,0,0,0,0,1,0,0
769,17.467,0.162,0.214,2.5,5.8,6,0,0,0,0,1,0,0,0,0,1,0,0,0,0,0,1,0,0
770,38.534,0.141,0.719,8.1,10.6,2,0,0,0,0,1,0,0,0,0,0,0,0,1,0,0,0,1,0
771,45.12,0.976,0.131,7.7,5,6,0,0,0,0,0,1,0,0,0,0,0,0,1,0,1,0,0,0
772,52.257,0.606,0.933,8.4,0.1,3,0,0,0,0,0,1,0,0,0,0,0,0,0,1,0,1,0,0
773,58.954,0.854,0.798,4.4,4.5,3,0,0,0,0,0,1,0,0,0,0,0,0,1,0,0,0,1,0
774,35.213,0.215,0.94,2.6,5.5,4,0,0,0,0,0,1,0,0,0,0,0,0,1,0,0,1,0,0
775,13.915,0.494,0.104,1.3,2,4,0,0,0,0,0,1,1,0,0,0,0,0,0,0,0,0,0,1
776,47.409,0.536,0.848,0.1,5.2,5,0,0,0,0,0,1,0,0,0,0,1,0,0,0,0,1,0,0
777,26.697,0.128,0.23,5.3,8.5,3,0,0,0,0,0,1,0,0,0,0,0,0,1,0,0,0,0,1
778,63.342,0.832,0.951,1.3,3.5,4,0,0,0,0,0,1,0,0,0,0,1,0,0,0,0,0,0,1
779,36.716,0.672,0.049,8.1,10.6,2,0,0,0,0,1,0,0,0,1,0,0,0,0,0,0,0,0,1
780,8.512,0.19,0.267,2.9,0.5,4,0,0,0,0,0,1,0,0,1,0,0,0,0,0,0,1,0,0
781,34.838,0.597,0.353,3.7,7.9,4,0,0,0,0,0,1,0,0,0,0,0,0,0,1,0,1,0,0
782,41.043,0.587,0.546,1.7,6.8,6,0,0,0,0,0,1,0,0,0,0,1,0,0,0,0,1,0,0
783,29.753,0.241,0.268,4.6,7.6,3,0,0,0,0,0,1,0,0,0,0,1,0,0,0,0,0,0,1
784,23.822,0.036,0.061,5.1,0.2,3,0,0,0,0,0,1,0,0,0,0,0,0,1,0,1,0,0,0
785,74.778,0.886,0.981,2.5,6.9,1,0,0,0,0,0,1,0,0,0,0,0,0,1,0,0,0,1,0
786,16.463,0.035,0.361,2.7,0.4,3,0,0,0,0,1,0,0,0,1,0,0,0,0,0,1,0,0,0
787,23.147,0.136,0.602,1.3,1.5,5,0,0,0,0,0,1,0,0,0,0,1,0,0,0,0,1,0,0
788,22.175,0.087,0.009,5.6,1.9,4,0,0,0,0,0,1,0,0,0,1,0,0,0,0,1,0,0,0
789,27.112,0.072,0.905,0.2,4.6,3,0,0,0,0,1,0,0,0,0,0,1,0,0,0,0,0,1,0
790,72.024,0.965,0.96,5.7,2.7,4,0,0,0,0,0,1,0,0,0,0,1,0,0,0,0,1,0,0
791,76.726,0.972,0.963,6.9,9.7,3,0,0,0,0,0,1,0,0,0,0,0,0,1,0,0,1,0,0
792,21.2,0.342,0.225,2.2,4.7,3,0,0,0,0,0,1,0,0,1,0,0,0,0,0,0,0,0,1
793,22.341,0.059,0.692,6.1,5.9,4,0,0,0,0,0,1,0,0,0,0,0,1,0,0,0,0,0,1
794,67.713,0.816,0.965,4.3,3.2,2,0,0,0,0,1,0,0,0,0,0,0,0,1,0,0,1,0,0
795,29.821,0.815,0.294,1.4,6,3,0,0,0,0,0,1,0,0,1,0,0,0,0,0,0,0,1,0
796,44.773,0.317,0.955,1.4,9.3,2,0,0,0,0,0,1,0,1,0,0,0,0,0,0,0,0,0,1
797,62.293,0.934,0.783,8.5,5.1,4,0,0,0,0,0,1,0,0,1,0,0,0,0,0,0,0,0,1
798,22.407,0.306,0.307,3.7,8.4,5,0,0,0,0,0,1,0,0,0,0,0,1,0,0,0,0,0,1
799,31.499,0.057,0.901,6.7,4.8,2,0,0,0,0,0,1,0,0,0,0,0,0,0,1,0,1,0,0
800,53.192,0.468,0.906,6.8,11.1,4,0,0,0,0,0,1,0,0,0,0,0,0,1,0,0,0,0,1
801,25.279,0.434,0.079,3.5,2.9,5,0,0,0,0,0,1,0,0,0,1,0,0,0,0,0,0,0,1
802,19.22,0.316,0.055,3.9,1.8,3,0,0,0,0,0,1,0,0,0,0,0,0,0,1,0,0,0,1
803,41.568,0.668,0.201,9.2,9.3,6,0,0,0,0,0,1,0,0,1,0,0,0,0,0,0,0,0,1
804,46.502,0.814,0.48,7.3,6.5,3,0,0,0,0,0,1,0,0,0,1,0,0,0,0,0,0,1,0
805,55.501,0.904,0.951,0.3,0.3,4,0,0,0,0,0,1,0,1,0,0,0,0,0,0,0,1,0,0
806,31.721,0.34,0.783,3.8,9.6,3,0,0,0,0,0,1,1,0,0,0,0,0,0,0,0,0,1,0
807,26.298,0.322,0.027,7.8,7.3,4,0,0,0,0,0,1,0,0,0,0,0,1,0,0,0,0,0,1
808,23.273,0.036,0.846,1.3,2.4,3,0,0,0,0,0,1,0,0,0,0,1,0,0,0,0,1,0,0
809,24.449,0.905,0.117,0.8,0.8,4,0,0,0,0,0,1,0,0,1,0,0,0,0,0,1,0,0,0
810,14.667,0.246,0.145,0.5,7.6,6,0,0,0,0,1,0,0,0,0,1,0,0,0,0,0,0,0,1
811,20.083,0.608,0.007,2.8,3,5,0,0,0,0,0,1,1,0,0,0,0,0,0,0,1,0,0,0
812,54.817,0.839,0.73,9.1,11.5,4,0,0,0,0,0,1,0,0,0,0,0,0,0,1,0,0,0,1
813,53.045,0.962,0.839,3.8,8.9,5,0,0,0,0,0,1,0,0,1,0,0,0,0,0,0,0,1,0
814,55.431,0.943,0.753,3.3,8.8,4,0,0,0,0,0,1,0,0,0,1,0,0,0,0,1,0,0,0
815,21.187,0.074,0.056,4,6.5,4,0,0,0,0,0,1,1,0,0,0,0,0,0,0,0,0,0,1
816,32.219,0.472,0.309,8.8,7.3,3,0,0,0,0,0,1,0,0,1,0,0,0,0,0,0,1,0,0
817,28.371,0.899,0.311,4.3,0.8,6,0,0,0,0,0,1,0,0,0,0,0,0,0,1,0,0,0,1
818,15.474,0.066,0.201,4,7.8,5,0,0,0,0,0,1,1,0,0,0,0,0,0,0,1,0,0,0
819,19.362,0.179,0.185,2.2,10.2,5,0,0,0,0,0,1,0,0,0,0,0,0,0,1,0,0,0,1
820,25.936,0.25,0.424,7.1,2.8,7,0,0,0,0,0,1,0,0,1,0,0,0,0,0,1,0,0,0
821,38.892,0.304,0.932,6.7,8.8,3,0,0,0,0,0,1,0,0,0,0,0,0,0,1,0,0,0,1
822,41.661,0.858,0.1,7.9,6.8,3,0,0,0,0,0,1,0,0,0,0,0,0,0,1,1,0,0,0
823,47.862,0.865,0.546,7.3,11.6,3,0,0,0,0,0,1,1,0,0,0,0,0,0,0,0,0,1,0
824,68.687,0.916,0.993,2.9,10.6,6,0,0,0,0,0,1,0,0,0,0,0,0,1,0,0,0,0,1
825,40.01,0.875,0.121,9.9,3.7,3,0,0,0,0,0,1,0,0,0,0,0,1,0,0,0,0,0,1
826,25.876,0.06,0.62,7.3,7.2,3,0,0,0,0,0,1,1,0,0,0,0,0,0,0,0,0,0,1
827,17.01,0.185,0.097,5.2,1.4,5,0,0,0,0,0,1,1,0,0,0,0,0,0,0,1,0,0,0
828,68.684,0.966,0.95,5.8,5.8,5,0,0,0,0,0,1,0,0,0,0,0,0,1,0,0,1,0,0
829,23.772,0.283,0.095,5.2,10.4,5,0,0,0,0,0,1,0,0,0,1,0,0,0,0,0,0,0,1
830,33.718,0.809,0.055,5,10.3,3,0,0,0,0,0,1,0,0,1,0,0,0,0,0,0,1,0,0
831,40.018,0.272,0.395,7.8,10.7,4,0,0,0,0,0,1,0,0,0,0,0,0,0,1,0,0,0,1
832,29.388,0.785,0.301,3,3.1,5,0,0,0,0,0,1,1,0,0,0,0,0,0,0,1,0,0,0
833,63.459,0.803,0.857,7.5,5.2,1,0,0,0,0,1,0,0,0,1,0,0,0,0,0,0,0,1,0
834,55.741,0.955,0.797,4.2,4.6,6,0,0,0,0,0,1,0,1,0,0,0,0,0,0,0,0,0,1
835,52.153,0.701,0.817,0.4,4,4,0,0,0,0,0,1,0,0,0,0,0,0,1,0,0,1,0,0
836,60.416,0.883,0.741,9.7,1.6,8,0,0,0,0,0,1,0,0,1,0,0,0,0,0,0,0,0,1
837,37.287,0.639,0.401,1.1,5,4,0,0,0,0,0,1,0,0,0,0,1,0,0,0,0,0,1,0
838,40.938,0.671,0.522,5.8,1.3,3,0,0,0,0,0,1,0,1,0,0,0,0,0,0,0,0,0,1
839,42.952,0.859,0.375,9,1.4,4,0,0,0,0,0,1,0,0,0,0,0,0,0,1,1,0,0,0
840,33.726,0.799,0.327,5.4,1.6,3,0,0,0,0,0,1,1,0,0,0,0,0,0,0,0,0,0,1
841,45.721,0.869,0.565,5.1,5.7,5,0,0,0,0,0,1,0,0,0,0,0,0,0,1,0,0,1,0
842,70.816,0.903,0.97,8.6,8.3,5,0,0,0,0,0,1,0,0,1,0,0,0,0,0,0,0,1,0
843,20.88,0.22,0.388,0.4,1.3,1,0,0,0,0,0,1,0,0,0,0,1,0,0,0,0,1,0,0
844,60.937,0.917,0.906,5.9,1.9,5,0,0,0,0,0,1,1,0,0,0,0,0,0,0,0,0,1,0
845,34.452,0.15,0.74,6.6,2.6,2,0,0,0,0,0,1,0,0,0,0,1,0,0,0,0,0,0,1
846,50.838,0.912,0.675,1,3.3,4,0,0,0,0,0,1,0,1,0,0,0,0,0,0,0,0,0,1
847,49.309,0.789,0.691,8.5,11.8,7,0,0,0,0,0,1,0,0,1,0,0,0,0,0,0,0,0,1
848,49.807,0.926,0.778,2.6,2.6,5,0,0,0,0,0,1,0,0,1,0,0,0,0,0,0,1,0,0
849,56.981,0.703,0.942,0.6,8.5,3,0,0,0,0,0,1,0,1,0,0,0,0,0,0,0,1,0,0
850,32.147,0.479,0.127,5.7,4.4,2,0,0,0,0,0,1,1,0,0,0,0,0,0,0,0,0,0,1
851,38.015,0.898,0.495,1.9,2.8,3,0,0,0,0,0,1,0,0,1,0,0,0,0,0,0,1,0,0
852,30.988,0.214,0.927,1.9,0.8,3,0,0,0,0,1,0,0,1,0,0,0,0,0,0,0,1,0,0
853,42.801,0.343,0.816,6.4,11.6,5,0,0,0,0,0,1,0,0,0,0,0,0,1,0,0,0,0,1
854,27.74,0.145,0.539,8.1,9.1,1,0,0,0,0,1,0,0,0,1,0,0,0,0,0,0,0,1,0
855,39.03,0.614,0.239,8,11.3,1,0,0,0,0,0,1,0,0,1,0,0,0,0,0,0,0,1,0
856,58.302,0.446,0.892,8.9,10,4,0,0,0,0,0,1,0,0,0,0,1,0,0,0,0,0,1,0
857,47.106,0.383,0.91,4,11.8,2,0,0,0,0,1,0,0,1,0,0,0,0,0,0,0,1,0,0
858,19.59,0.108,0.808,0.7,9.1,4,0,0,0,0,0,1,0,0,1,0,0,0,0,0,0,1,0,0
859,38.968,0.937,0.352,1.5,0.4,5,0,0,0,0,0,1,0,0,0,0,1,0,0,0,0,1,0,0
860,54.723,0.257,0.904,9.8,11.2,1,0,0,0,0,1,0,0,1,0,0,0,0,0,0,0,0,1,0
861,41.272,0.761,0.241,8.8,4.4,3,0,0,0,0,0,1,0,0,1,0,0,0,0,0,0,1,0,0
862,30.026,0.595,0.414,2.4,0.4,3,0,0,0,0,1,0,0,0,0,0,0,0,1,0,0,0,0,1
863,38.086,0.376,0.84,6.4,2.2,5,0,0,0,0,1,0,0,0,0,0,0,0,1,0,1,0,0,0
864,69.729,0.934,0.905,6.8,9,4,0,0,0,0,0,1,0,0,0,0,1,0,0,0,0,1,0,0
865,37.399,0.949,0.186,8.6,10.4,6,0,0,0,0,0,1,1,0,0,0,0,0,0,0,0,0,0,1
866,25.909,0.302,0.103,6.7,10.8,3,0,0,0,0,0,1,1,0,0,0,0,0,0,0,0,1,0,0
867,20.276,0.639,0.342,0.5,0.4,1,0,0,0,0,1,0,0,0,1,0,0,0,0,0,0,0,1,0
868,56.683,0.77,0.771,6.9,10.2,3,0,0,0,0,0,1,0,0,0,0,0,0,0,1,0,1,0,0
869,32.578,0.756,0.316,6.8,11.7,3,0,0,0,0,1,0,0,0,0,0,0,0,0,1,0,1,0,0
870,34.924,0.344,0.245,7.1,1.7,3,0,0,0,0,0,1,0,1,0,0,0,0,0,0,0,0,1,0
871,47.502,0.904,0.264,9.9,7.9,3,0,0,0,0,1,0,0,0,1,0,0,0,0,0,0,0,1,0
872,19.705,0.116,0.808,1.8,7.8,6,0,0,0,0,0,1,0,0,0,0,0,1,0,0,0,0,1,0
873,30.885,0.866,0.065,5.3,1.7,7,0,0,0,0,1,0,0,0,1,0,0,0,0,0,1,0,0,0
874,35.576,0.54,0.106,8.1,6.7,3,0,0,0,0,0,1,0,0,0,1,0,0,0,0,0,0,0,1
875,34.86,0.724,0.04,6.2,8.7,5,0,0,0,0,0,1,0,0,0,0,0,0,1,0,1,0,0,0
876,27.025,0.227,0.134,8.8,5,4,0,0,0,0,1,0,0,0,0,1,0,0,0,0,0,0,0,1
877,69.783,0.763,0.897,9.7,3.3,4,0,0,0,0,0,1,0,0,0,0,0,0,1,0,0,1,0,0
878,57.268,0.952,0.713,2.1,8.6,4,0,0,0,0,0,1,0,1,0,0,0,0,0,0,0,0,1,0
879,30.504,0.3,0.205,9.3,9.4,3,0,0,0,0,1,0,0,0,0,0,0,0,0,1,0,0,0,1
880,29.415,0.151,0.67,3.9,3.1,2,0,0,0,0,1,0,0,0,0,0,0,0,1,0,1,0,0,0
881,15.805,0.282,0.15,4.8,1.1,4,0,0,0,0,0,1,1,0,0,0,0,0,0,0,0,1,0,0
882,32.751,0.322,0.814,0.8,9.8,3,0,0,0,0,0,1,0,0,0,0,0,0,1,0,0,1,0,0
883,21.37,0.397,0.37,4,3.3,4,0,0,0,0,0,1,0,0,0,1,0,0,0,0,0,0,0,1
884,34.16,0.723,0.371,3.6,10.9,4,0,0,0,0,0,1,1,0,0,0,0,0,0,0,0,0,1,0
885,34.166,0.712,0.268,6.9,10.5,4,0,0,0,0,0,1,1,0,0,0,0,0,0,0,0,1,0,0
886,45.423,0.61,0.768,6.3,9.4,3,0,0,0,0,0,1,0,0,0,1,0,0,0,0,0,0,0,1
887,47.367,0.771,0.711,2.4,7.6,3,0,0,0,0,0,1,0,1,0,0,0,0,0,0,0,0,1,0
888,69.907,0.908,0.917,9.3,11.5,4,0,0,0,0,0,1,0,0,1,0,0,0,0,0,0,0,1,0
889,47.424,0.378,0.842,7.8,5.4,4,0,0,0,0,0,1,0,0,0,0,1,0,0,0,0,1,0,0
890,16.32,0.068,0.064,7.8,3.6,3,0,0,0,0,0,1,0,0,0,1,0,0,0,0,0,1,0,0
891,46.272,0.688,0.26,6.8,10.2,1,0,0,0,0,0,1,0,0,0,0,1,0,0,0,0,1,0,0
892,44.272,0.755,0.43,6.3,3.5,3,0,0,0,0,1,0,1,0,0,0,0,0,0,0,0,1,0,0
893,23.225,0.256,0.239,4.4,2.4,4,0,0,0,0,0,1,0,0,0,0,0,0,0,1,0,0,0,1
894,19.72,0.034,0.144,1.6,0.2,3,0,0,0,0,0,1,0,0,0,0,0,0,0,1,0,0,0,1
895,18.624,0.027,0.245,0.7,9.2,2,0,0,0,0,1,0,1,0,0,0,0,0,0,0,0,1,0,0
896,25.564,0.061,0.145,1.4,1.5,3,0,0,0,0,0,1,0,0,0,0,0,0,1,0,0,1,0,0
897,27.126,0.796,0.205,3.7,5.9,5,0,0,0,0,1,0,0,0,1,0,0,0,0,0,0,0,0,1
898,66.394,0.882,0.948,6.9,8.6,5,0,0,0,0,0,1,0,0,0,1,0,0,0,0,0,1,0,0
899,56.315,0.888,0.768,6.4,9.6,4,0,0,0,0,0,1,0,0,0,0,0,0,0,1,0,1,0,0
900,47.453,0.899,0.223,9,11.7,4,0,0,0,0,0,1,0,0,0,1,0,0,0,0,0,0,0,1
901,41.354,0.399,0.206,9.6,5.9,3,0,0,0,0,0,1,0,0,1,0,0,0,0,0,0,1,0,0
902,31.524,0.344,0.108,9.6,4.2,4,0,0,0,0,0,1,0,0,0,0,0,0,0,1,0,0,0,1
903,26.553,0.297,0.508,6.6,3.2,3,0,0,0,0,0,1,0,0,1,0,0,0,0,0,0,0,1,0
904,42.986,0.457,0.895,4.8,5.3,3,0,0,0,0,1,0,0,0,0,0,1,0,0,0,0,1,0,0
905,63.701,0.9,0.865,4.7,11,4,0,0,0,0,0,1,0,0,0,0,1,0,0,0,1,0,0,0
906,26.065,0.619,0.328,0.6,11.1,3,0,0,0,0,1,0,0,0,0,0,0,1,0,0,0,0,1,0
907,19.619,0.092,0.063,8.7,7.1,3,0,0,0,0,1,0,0,0,0,0,0,1,0,0,0,0,1,0
908,27.339,0.653,0.174,7.3,3,6,0,0,0,0,0,1,0,0,0,1,0,0,0,0,0,1,0,0
909,42.232,0.721,0.55,8.1,8.2,6,0,0,0,0,0,1,0,0,0,0,0,1,0,0,0,0,0,1
910,55.673,0.795,0.916,2.7,6.1,3,0,0,0,0,0,1,0,0,0,0,0,0,0,1,0,0,1,0
911,41.62,0.515,0.423,7.4,8.5,3,0,0,0,0,0,1,0,0,0,0,0,0,0,1,0,0,1,0
912,14.424,0.092,0.06,2.3,7.3,3,0,0,0,0,1,0,1,0,0,0,0,0,0,0,0,1,0,0
913,24.557,0.101,0.218,3.3,3.9,5,0,0,0,0,1,0,0,0,0,0,0,0,1,0,0,1,0,0
914,60.968,0.876,0.897,0.5,8.2,3,0,0,0,0,0,1,0,1,0,0,0,0,0,0,0,1,0,0
915,34.216,0.495,0.646,6.6,0.9,3,0,0,0,0,1,0,0,0,0,0,0,0,0,1,0,0,1,0
916,13.839,0.134,0.037,2.9,3.1,5,0,0,0,0,0,1,0,0,0,0,0,0,0,1,0,0,0,1
917,60.069,0.956,0.945,4.2,2.6,4,0,0,0,0,0,1,0,0,0,0,0,0,0,1,0,1,0,0
918,49.395,0.931,0.403,9.1,9.4,4,0,0,0,0,0,1,0,0,0,0,0,0,0,1,0,1,0,0
919,49.872,0.179,0.9,9.2,8.8,2,0,0,0,0,1,0,0,0,0,0,0,0,1,0,0,0,1,0
920,29.58,0.286,0.801,5,0.5,4,0,0,0,0,0,1,0,0,0,0,0,0,0,1,0,0,0,1
921,33.082,0.291,0.622,8,9.9,5,0,0,0,0,1,0,0,0,0,1,0,0,0,0,0,0,0,1
922,42.76,0.902,0.226,6,9.9,4,0,0,0,0,0,1,0,0,0,0,0,0,1,0,0,0,0,1
923,18.058,0.653,0.057,2.5,1.5,4,0,0,0,0,0,1,0,0,1,0,0,0,0,0,0,1,0,0
924,38.805,0.97,0.126,9.4,11.1,6,0,0,0,0,0,1,0,0,1,0,0,0,0,0,0,1,0,0
925,65.051,0.991,0.972,3.6,3.9,5,0,0,0,0,0,1,0,0,0,0,0,0,0,1,0,0,1,0
926,55.931,0.929,0.697,4.8,4.2,4,0,0,0,0,0,1,0,0,0,0,1,0,0,0,0,1,0,0
927,54.234,0.964,0.615,9,5.4,6,0,0,0,0,1,0,0,0,0,0,0,0,0,1,1,0,0,0
928,27.624,0.863,0.274,1,1.5,3,0,0,0,0,0,1,0,0,1,0,0,0,0,0,0,0,1,0
929,27.375,0.157,0.124,6.5,4.7,3,0,0,0,0,0,1,0,0,0,1,0,0,0,0,0,1,0,0
930,19,0.244,0.038,2.6,2.5,6,0,0,0,0,1,0,1,0,0,0,0,0,0,0,1,0,0,0
931,28.444,0.457,0.609,1,7.9,4,0,0,0,0,0,1,0,0,0,0,0,0,0,1,1,0,0,0
932,39.498,0.867,0.548,6.9,10.7,8,0,0,0,0,0,1,0,0,1,0,0,0,0,0,0,0,0,1
933,54.747,0.914,0.84,5.7,2,3,0,0,0,0,0,1,0,0,1,0,0,0,0,0,0,0,1,0
934,31.805,0.745,0.356,7.7,2.8,3,0,0,0,0,0,1,0,0,1,0,0,0,0,0,0,0,1,0
935,41.476,0.193,0.94,6.6,6,3,0,0,0,0,1,0,0,1,0,0,0,0,0,0,0,1,0,0
936,26.277,0.407,0.824,2.4,3.1,7,0,0,0,0,0,1,0,0,0,0,0,0,0,1,0,0,0,1
937,22.854,0.069,0.163,2.3,3.9,3,0,0,0,0,0,1,0,0,0,1,0,0,0,0,0,0,0,1
938,68.83,0.821,0.964,8.5,8.6,3,0,0,0,0,0,1,0,0,1,0,0,0,0,0,0,0,1,0
939,19.928,0.166,0.667,6,4,5,0,0,0,0,1,0,0,0,0,0,0,0,1,0,1,0,0,0
940,16.465,0.34,0.124,1.9,6,2,0,0,0,0,0,1,0,0,0,1,0,0,0,0,0,0,1,0
941,61.817,0.652,0.946,3.9,7.6,2,0,0,0,0,0,1,0,0,0,0,0,0,1,0,0,0,1,0
942,63.884,0.939,0.805,9,7.3,3,0,0,0,0,1,0,0,0,0,0,0,0,0,1,0,1,0,0
943,57.627,0.653,0.869,6.1,5.7,3,0,0,0,0,0,1,0,1,0,0,0,0,0,0,0,1,0,0
944,36.089,0.67,0.076,9.2,3.5,7,0,0,0,0,0,1,0,0,1,0,0,0,0,0,1,0,0,0
945,43.016,0.551,0.947,1.6,10.3,5,0,0,0,0,0,1,1,0,0,0,0,0,0,0,0,0,1,0
946,63.444,0.91,0.95,3.8,6.6,4,0,0,0,0,0,1,0,0,0,1,0,0,0,0,0,0,1,0
947,60.655,0.75,0.966,2.3,2.5,3,0,0,0,0,0,1,0,0,0,0,1,0,0,0,0,0,1,0
948,38.473,0.827,0.294,7.8,2.6,6,0,0,0,0,0,1,0,0,0,1,0,0,0,0,1,0,0,0
949,30.889,0.074,0.107,6.4,3.6,2,0,0,0,0,0,1,0,0,0,0,1,0,0,0,0,0,0,1
950,24.598,0.047,0.669,6.3,7.3,5,0,0,0,0,1,0,1,0,0,0,0,0,0,0,0,1,0,0
951,53.962,0.888,0.85,2.2,3.8,4,0,0,0,0,0,1,0,0,1,0,0,0,0,0,0,0,1,0
952,26.914,0.282,0.124,6.7,2.2,3,0,0,0,0,0,1,0,0,0,0,0,0,1,0,0,0,1,0
953,31.936,0.434,0.168,9.2,11.8,6,0,0,0,0,1,0,0,0,1,0,0,0,0,0,0,1,0,0
954,28.325,0.395,0.376,1.7,6,1,0,0,0,0,1,0,0,0,1,0,0,0,0,0,0,0,1,0
955,28.706,0.634,0.088,6.3,3.4,3,0,0,0,0,0,1,0,0,0,0,0,1,0,0,0,0,1,0
956,43.743,0.523,0.654,1.3,3.2,3,0,0,0,0,0,1,0,0,1,0,0,0,0,0,0,1,0,0
957,40.498,0.976,0.306,1.8,4.3,5,0,0,0,0,1,0,0,1,0,0,0,0,0,0,1,0,0,0
958,58.661,0.944,0.821,4.6,11,5,0,0,0,0,0,1,0,0,0,0,1,0,0,0,0,0,1,0
959,39.585,0.948,0.228,6.8,8.5,3,0,0,0,0,0,1,0,0,0,0,0,0,0,1,0,0,1,0
960,12.963,0.13,0.232,3.1,11.1,7,0,0,0,0,0,1,0,0,1,0,0,0,0,0,1,0,0,0
961,56.924,0.736,0.869,5.7,6.7,4,0,0,0,0,0,1,0,0,0,1,0,0,0,0,0,1,0,0
962,55.746,0.952,0.522,9.1,8.5,4,0,0,0,0,0,1,0,0,0,0,0,0,0,1,0,1,0,0
963,38.62,0.234,0.918,1,9.7,6,0,0,0,0,0,1,0,1,0,0,0,0,0,0,0,1,0,0
964,33.048,0.26,0.138,8.8,11.4,4,0,0,0,0,0,1,0,0,1,0,0,0,0,0,0,0,1,0
965,29.384,0.149,0.364,5.2,3.4,3,0,0,0,0,0,1,0,0,0,0,0,0,1,0,0,0,0,1
966,21.133,0.272,0.185,5,2,3,0,0,0,0,1,0,0,0,0,0,0,0,0,1,0,0,0,1
967,55.14,0.485,0.922,6.1,4.4,3,0,0,0,0,0,1,0,1,0,0,0,0,0,0,0,0,0,1
968,22.469,0.082,0.46,0.5,2.7,1,0,0,0,0,1,0,0,0,0,0,0,0,1,0,0,1,0,0
969,59.508,0.863,0.92,5.7,9.1,5,0,0,0,0,0,1,0,0,0,0,0,0,0,1,0,1,0,0
970,36.632,0.189,0.876,2.9,3.6,2,0,0,0,0,0,1,0,0,0,0,1,0,0,0,0,1,0,0
971,72.902,0.911,0.921,7.8,6,3,0,0,0,0,0,1,0,0,0,0,1,0,0,0,0,0,1,0
972,30.115,0.308,0.857,0.1,10.7,6,0,0,0,0,0,1,0,0,0,0,0,0,0,1,1,0,0,0
973,54.639,0.826,0.682,7,9.4,3,0,0,0,0,0,1,0,0,0,0,0,0,1,0,0,0,0,1
974,34.22,0.2,0.919,5.7,5.8,4,0,0,0,0,0,1,0,1,0,0,0,0,0,0,0,0,0,1
975,44.611,0.818,0.771,2.7,8.7,6,0,0,0,0,0,1,0,0,0,0,0,0,1,0,0,1,0,0
976,38.829,0.28,0.963,8.7,11,5,0,0,0,0,0,1,0,0,0,1,0,0,0,0,0,0,1,0
977,40.076,0.852,0.417,0.9,9.2,4,0,0,0,0,0,1,0,0,0,0,1,0,0,0,0,0,0,1
978,23.207,0.078,0.863,5.4,6.2,5,0,0,0,0,0,1,0,0,0,0,0,0,0,1,0,0,0,1
979,26.958,0.327,0.814,3.8,11.3,3,0,0,0,0,0,1,0,0,0,1,0,0,0,0,0,0,1,0
980,28.49,0.162,0.091,9.9,10.5,3,0,0,0,0,1,0,1,0,0,0,0,0,0,0,0,0,0,1
981,29.928,0.446,0.23,3.5,9.3,5,0,0,0,0,0,1,0,0,0,0,0,1,0,0,0,0,0,1
982,51.761,0.921,0.407,8,9.1,4,0,0,0,0,0,1,0,0,0,0,0,0,0,1,0,0,1,0
983,19.381,0.221,0.052,3.6,1.8,4,0,0,0,0,0,1,0,0,0,1,0,0,0,0,0,0,0,1
984,39.436,0.065,0.895,0.5,5.6,2,0,0,0,0,0,1,0,0,0,0,0,0,1,0,0,0,0,1
985,51.486,0.95,0.25,8.9,8.9,3,0,0,0,0,0,1,0,0,0,0,0,0,0,1,0,1,0,0
986,30.888,0.128,0.913,2.4,0.6,5,0,0,0,0,0,1,0,1,0,0,0,0,0,0,0,1,0,0
987,34.27,0.134,0.937,2.1,7.9,4,0,0,0,0,0,1,0,0,0,0,0,0,0,1,0,0,0,1
988,66.643,0.865,0.789,8.8,11,3,0,0,0,0,0,1,0,0,1,0,0,0,0,0,0,1,0,0
989,53.654,0.806,0.331,8.4,5.1,4,0,0,0,0,0,1,0,0,0,0,0,0,1,0,0,0,0,1
990,49.863,0.862,0.521,8.4,7.5,3,0,0,0,0,1,0,0,0,0,0,0,0,0,1,0,0,1,0
991,27.805,0.052,0.55,0.4,2.9,2,0,0,0,0,0,1,0,0,0,0,1,0,0,0,0,0,0,1
992,32.243,0.182,0.669,8.3,11.6,4,0,0,0,0,0,1,1,0,0,0,0,0,0,0,0,0,1,0
993,32.476,0.608,0.122,8.6,0.3,2,0,0,0,0,0,1,0,0,0,0,0,0,0,1,0,1,0,0
994,52.8,0.894,0.602,7.8,0.7,3,0,0,0,0,0,1,0,1,0,0,0,0,0,0,0,0,0,1
995,44.116,0.92,0.33,7.4,2.4,3,0,0,0,0,1,0,0,1,0,0,0,0,0,0,0,0,0,1
996,31.208,0.044,0.81,1.8,9.2,3,0,0,0,0,0,1,0,0,0,0,0,0,1,0,0,0,1,0
997,28.142,0.039,0.808,5.7,5.1,3,0,0,0,0,0,1,0,0,0,0,0,0,1,0,0,0,0,1
998,63.653,0.644,0.913,7.4,9.3,3,0,0,0,0,0,1,0,1,0,0,0,0,0,0,0,0,1,0
999,32.783,0.558,0.113,9.7,11.3,6,0,0,0,0,0,1,0,0,0,0,0,0,0,1,1,0,0,0
1000,49.634,0.954,0.47,8,11.2,5,0,0,0,0,0,1,0,0,0,0,0,1,0,0,0,0,1,0
